Date,Year,Format,Opponent,OpponentTeam,Venue,Runs,Balls,StrikeRate,Fours,Sixes,Is50,Is100,Format_TotalMatches,Format_TotalInnings,Format_CareerRuns,Format_CareerCenturies,Format_CareerHalfCenturies,Format_CareerHighestScore,Format_CareerAverage,Format_CareerStrikeRate,Format_Status
2013-01-01,2013,Test,West Indies,,Dubai,7,12,58.33,0,0,0,0,67,122,4301,12,18,212,40.57,56.6,Retired (May 2025)
2013-02-09,2013,Test,Australia,,London,10,17,58.82,0,0,0,0,67,122,4301,12,18,212,40.57,56.6,Retired (May 2025)
2013-03-20,2013,Test,Australia,,Dubai,22,38,57.89,2,0,0,0,67,122,4301,12,18,212,40.57,56.6,Retired (May 2025)
2013-04-28,2013,Test,Australia,,Cape Town,151,266,56.77,13,2,0,1,67,122,4301,12,18,212,40.57,56.6,Retired (May 2025)
2013-06-06,2013,Test,Zimbabwe,,Dubai,8,14,57.14,0,0,0,0,67,122,4301,12,18,212,40.57,56.6,Retired (May 2025)
2013-07-16,2013,Test,Australia,,Dubai,22,38,57.89,3,0,0,0,67,122,4301,12,18,212,40.57,56.6,Retired (May 2025)
2013-08-24,2013,Test,Bangladesh,,Delhi,1,1,100.0,0,0,0,0,67,122,4301,12,18,212,40.57,56.6,Retired (May 2025)
2013-10-02,2013,Test,Zimbabwe,,Kolkata,8,14,57.14,0,0,0,0,67,122,4301,12,18,212,40.57,56.6,Retired (May 2025)
2013-11-10,2013,Test,Bangladesh,,Kolkata,21,37,56.76,2,0,0,0,67,122,4301,12,18,212,40.57,56.6,Retired (May 2025)
2013-12-20,2013,Test,Bangladesh,,Cape Town,20,35,57.14,1,0,0,0,67,122,4301,12,18,212,40.57,56.6,Retired (May 2025)
2014-01-28,2014,Test,Bangladesh,,Kolkata,3,5,60.0,0,0,0,0,67,122,4301,12,18,212,40.57,56.6,Retired (May 2025)
2014-03-08,2014,Test,West Indies,,Bengaluru,204,360,56.67,20,4,0,1,67,122,4301,12,18,212,40.57,56.6,Retired (May 2025)
2014-04-16,2014,Test,South Africa,,Sydney,63,111,56.76,8,1,1,0,67,122,4301,12,18,212,40.57,56.6,Retired (May 2025)
2014-05-26,2014,Test,West Indies,,Chennai,83,146,56.85,7,1,1,0,67,122,4301,12,18,212,40.57,56.6,Retired (May 2025)
2014-07-04,2014,Test,Australia,,Chennai,49,86,56.98,5,1,0,0,67,122,4301,12,18,212,40.57,56.6,Retired (May 2025)
2014-08-12,2014,Test,South Africa,,Delhi,6,10,60.0,0,0,0,0,67,122,4301,12,18,212,40.57,56.6,Retired (May 2025)
2014-09-20,2014,Test,South Africa,,Bengaluru,1,1,100.0,0,0,0,0,67,122,4301,12,18,212,40.57,56.6,Retired (May 2025)
2014-10-29,2014,Test,New Zealand,,London,16,28,57.14,2,0,0,0,67,122,4301,12,18,212,40.57,56.6,Retired (May 2025)
2014-12-08,2014,Test,Zimbabwe,,Colombo,45,79,56.96,4,0,0,0,67,122,4301,12,18,212,40.57,56.6,Retired (May 2025)
2015-01-16,2015,Test,Pakistan,,Cape Town,14,24,58.33,1,0,0,0,67,122,4301,12,18,212,40.57,56.6,Retired (May 2025)
2015-02-24,2015,Test,England,,Mumbai,24,42,57.14,3,0,0,0,67,122,4301,12,18,212,40.57,56.6,Retired (May 2025)
2015-04-04,2015,Test,Sri Lanka,,Mumbai,73,128,57.03,8,1,1,0,67,122,4301,12,18,212,40.57,56.6,Retired (May 2025)
2015-05-14,2015,Test,Australia,,London,112,197,56.85,10,2,0,1,67,122,4301,12,18,212,40.57,56.6,Retired (May 2025)
2015-06-22,2015,Test,Pakistan,,Colombo,30,53,56.6,3,0,0,0,67,122,4301,12,18,212,40.57,56.6,Retired (May 2025)
2015-07-31,2015,Test,West Indies,,Chennai,186,328,56.71,20,3,0,1,67,122,4301,12,18,212,40.57,56.6,Retired (May 2025)
2015-09-08,2015,Test,Afghanistan,,Delhi,0,11,0.0,0,0,0,0,67,122,4301,12,18,212,40.57,56.6,Retired (May 2025)
2015-10-18,2015,Test,Sri Lanka,,Chennai,3,5,60.0,0,0,0,0,67,122,4301,12,18,212,40.57,56.6,Retired (May 2025)
2015-11-26,2015,Test,Australia,,Kolkata,16,28,57.14,1,0,0,0,67,122,4301,12,18,212,40.57,56.6,Retired (May 2025)
2016-01-04,2016,Test,South Africa,,London,39,68,57.35,4,0,0,0,67,122,4301,12,18,212,40.57,56.6,Retired (May 2025)
2016-02-12,2016,Test,West Indies,,Sydney,89,157,56.69,11,1,1,0,67,122,4301,12,18,212,40.57,56.6,Retired (May 2025)
2016-03-22,2016,Test,England,,Mumbai,15,26,57.69,1,0,0,0,67,122,4301,12,18,212,40.57,56.6,Retired (May 2025)
2016-05-01,2016,Test,New Zealand,,Colombo,11,19,57.89,1,0,0,0,67,122,4301,12,18,212,40.57,56.6,Retired (May 2025)
2016-06-09,2016,Test,Sri Lanka,,Melbourne,5,8,62.5,0,0,0,0,67,122,4301,12,18,212,40.57,56.6,Retired (May 2025)
2016-07-18,2016,Test,Afghanistan,,Sydney,22,38,57.89,2,0,0,0,67,122,4301,12,18,212,40.57,56.6,Retired (May 2025)
2016-08-26,2016,Test,South Africa,,Kolkata,91,160,56.88,12,1,1,0,67,122,4301,12,18,212,40.57,56.6,Retired (May 2025)
2016-10-05,2016,Test,West Indies,,Cape Town,33,58,56.9,4,0,0,0,67,122,4301,12,18,212,40.57,56.6,Retired (May 2025)
2016-11-13,2016,Test,Sri Lanka,,Ahmedabad,17,30,56.67,1,0,0,0,67,122,4301,12,18,212,40.57,56.6,Retired (May 2025)
2016-12-22,2016,Test,Bangladesh,,Delhi,0,5,0.0,0,0,0,0,67,122,4301,12,18,212,40.57,56.6,Retired (May 2025)
2017-01-30,2017,Test,Australia,,Melbourne,2,3,66.67,0,0,0,0,67,122,4301,12,18,212,40.57,56.6,Retired (May 2025)
2017-03-11,2017,Test,Australia,,Bengaluru,9,15,60.0,1,0,0,0,67,122,4301,12,18,212,40.57,56.6,Retired (May 2025)
2017-04-19,2017,Test,Pakistan,,Cape Town,49,86,56.98,6,1,0,0,67,122,4301,12,18,212,40.57,56.6,Retired (May 2025)
2017-05-28,2017,Test,South Africa,,Ahmedabad,4,7,57.14,0,0,0,0,67,122,4301,12,18,212,40.57,56.6,Retired (May 2025)
2017-07-06,2017,Test,England,,Kolkata,49,86,56.98,6,0,0,0,67,122,4301,12,18,212,40.57,56.6,Retired (May 2025)
2017-08-14,2017,Test,Zimbabwe,,Melbourne,49,86,56.98,5,0,0,0,67,122,4301,12,18,212,40.57,56.6,Retired (May 2025)
2017-09-23,2017,Test,Sri Lanka,,Kolkata,49,86,56.98,5,0,0,0,67,122,4301,12,18,212,40.57,56.6,Retired (May 2025)
2017-11-01,2017,Test,Pakistan,,Delhi,94,166,56.63,8,1,1,0,67,122,4301,12,18,212,40.57,56.6,Retired (May 2025)
2017-12-10,2017,Test,Bangladesh,,Melbourne,10,17,58.82,1,0,0,0,67,122,4301,12,18,212,40.57,56.6,Retired (May 2025)
2018-01-18,2018,Test,West Indies,,Dubai,25,44,56.82,2,0,0,0,67,122,4301,12,18,212,40.57,56.6,Retired (May 2025)
2018-02-27,2018,Test,Sri Lanka,,Sydney,11,19,57.89,1,0,0,0,67,122,4301,12,18,212,40.57,56.6,Retired (May 2025)
2018-04-07,2018,Test,South Africa,,Sydney,94,166,56.63,11,1,1,0,67,122,4301,12,18,212,40.57,56.6,Retired (May 2025)
2018-05-16,2018,Test,Zimbabwe,,Mumbai,26,45,57.78,2,0,0,0,67,122,4301,12,18,212,40.57,56.6,Retired (May 2025)
2018-06-24,2018,Test,West Indies,,Ahmedabad,14,24,58.33,1,0,0,0,67,122,4301,12,18,212,40.57,56.6,Retired (May 2025)
2018-08-03,2018,Test,Australia,,Ahmedabad,8,14,57.14,0,0,0,0,67,122,4301,12,18,212,40.57,56.6,Retired (May 2025)
2018-09-11,2018,Test,England,,Dubai,11,19,57.89,1,0,0,0,67,122,4301,12,18,212,40.57,56.6,Retired (May 2025)
2018-10-20,2018,Test,West Indies,,London,19,33,57.58,1,0,0,0,67,122,4301,12,18,212,40.57,56.6,Retired (May 2025)
2018-11-28,2018,Test,South Africa,,Cape Town,2,3,66.67,0,0,0,0,67,122,4301,12,18,212,40.57,56.6,Retired (May 2025)
2019-01-06,2019,Test,Sri Lanka,,Ahmedabad,49,86,56.98,5,0,0,0,67,122,4301,12,18,212,40.57,56.6,Retired (May 2025)
2019-02-15,2019,Test,West Indies,,Colombo,14,24,58.33,1,0,0,0,67,122,4301,12,18,212,40.57,56.6,Retired (May 2025)
2019-03-26,2019,Test,Zimbabwe,,Ahmedabad,75,132,56.82,9,1,1,0,67,122,4301,12,18,212,40.57,56.6,Retired (May 2025)
2019-05-04,2019,Test,England,,Colombo,49,86,56.98,4,0,0,0,67,122,4301,12,18,212,40.57,56.6,Retired (May 2025)
2019-06-12,2019,Test,South Africa,,Cape Town,49,86,56.98,4,0,0,0,67,122,4301,12,18,212,40.57,56.6,Retired (May 2025)
2019-07-22,2019,Test,England,,Ahmedabad,6,10,60.0,0,0,0,0,67,122,4301,12,18,212,40.57,56.6,Retired (May 2025)
2019-08-30,2019,Test,New Zealand,,London,14,24,58.33,1,0,0,0,67,122,4301,12,18,212,40.57,56.6,Retired (May 2025)
2019-10-08,2019,Test,Pakistan,,Delhi,96,169,56.8,8,1,1,0,67,122,4301,12,18,212,40.57,56.6,Retired (May 2025)
2019-11-16,2019,Test,Pakistan,,Bengaluru,12,21,57.14,1,0,0,0,67,122,4301,12,18,212,40.57,56.6,Retired (May 2025)
2019-12-26,2019,Test,Afghanistan,,Mumbai,105,185,56.76,11,1,0,1,67,122,4301,12,18,212,40.57,56.6,Retired (May 2025)
2020-02-03,2020,Test,South Africa,,Cape Town,159,280,56.79,21,2,0,1,67,122,4301,12,18,212,40.57,56.6,Retired (May 2025)
2020-03-13,2020,Test,South Africa,,Dubai,19,33,57.58,1,0,0,0,67,122,4301,12,18,212,40.57,56.6,Retired (May 2025)
2020-04-21,2020,Test,Afghanistan,,Mumbai,10,17,58.82,1,0,0,0,67,122,4301,12,18,212,40.57,56.6,Retired (May 2025)
2020-05-30,2020,Test,Pakistan,,Colombo,23,40,57.5,2,0,0,0,67,122,4301,12,18,212,40.57,56.6,Retired (May 2025)
2020-07-09,2020,Test,Zimbabwe,,Chennai,94,166,56.63,11,0,1,0,67,122,4301,12,18,212,40.57,56.6,Retired (May 2025)
2020-08-17,2020,Test,Pakistan,,Mumbai,3,5,60.0,0,0,0,0,67,122,4301,12,18,212,40.57,56.6,Retired (May 2025)
2020-09-25,2020,Test,Bangladesh,,Delhi,49,86,56.98,4,0,0,0,67,122,4301,12,18,212,40.57,56.6,Retired (May 2025)
2020-11-03,2020,Test,Pakistan,,Colombo,0,1,0.0,0,0,0,0,67,122,4301,12,18,212,40.57,56.6,Retired (May 2025)
2020-12-13,2020,Test,Australia,,Melbourne,2,3,66.67,0,0,0,0,67,122,4301,12,18,212,40.57,56.6,Retired (May 2025)
2021-01-21,2021,Test,Australia,,London,15,26,57.69,1,0,0,0,67,122,4301,12,18,212,40.57,56.6,Retired (May 2025)
2021-03-01,2021,Test,Afghanistan,,Melbourne,49,86,56.98,4,0,0,0,67,122,4301,12,18,212,40.57,56.6,Retired (May 2025)
2021-04-09,2021,Test,Afghanistan,,Colombo,0,8,0.0,0,0,0,0,67,122,4301,12,18,212,40.57,56.6,Retired (May 2025)
2021-05-19,2021,Test,England,,Mumbai,180,318,56.6,17,4,0,1,67,122,4301,12,18,212,40.57,56.6,Retired (May 2025)
2021-06-27,2021,Test,Sri Lanka,,Dubai,26,45,57.78,2,0,0,0,67,122,4301,12,18,212,40.57,56.6,Retired (May 2025)
2021-08-05,2021,Test,South Africa,,Melbourne,8,14,57.14,1,0,0,0,67,122,4301,12,18,212,40.57,56.6,Retired (May 2025)
2021-09-13,2021,Test,West Indies,,Cape Town,1,1,100.0,0,0,0,0,67,122,4301,12,18,212,40.57,56.6,Retired (May 2025)
2021-10-22,2021,Test,South Africa,,Sydney,6,10,60.0,0,0,0,0,67,122,4301,12,18,212,40.57,56.6,Retired (May 2025)
2021-12-01,2021,Test,Australia,,Mumbai,0,8,0.0,0,0,0,0,67,122,4301,12,18,212,40.57,56.6,Retired (May 2025)
2022-01-09,2022,Test,Zimbabwe,,Mumbai,176,310,56.77,20,3,0,1,67,122,4301,12,18,212,40.57,56.6,Retired (May 2025)
2022-02-17,2022,Test,Afghanistan,,Bengaluru,49,86,56.98,4,0,0,0,67,122,4301,12,18,212,40.57,56.6,Retired (May 2025)
2022-03-28,2022,Test,Zimbabwe,,Melbourne,20,35,57.14,2,0,0,0,67,122,4301,12,18,212,40.57,56.6,Retired (May 2025)
2022-05-07,2022,Test,England,,Kolkata,24,42,57.14,2,0,0,0,67,122,4301,12,18,212,40.57,56.6,Retired (May 2025)
2022-06-15,2022,Test,New Zealand,,Dubai,48,84,57.14,6,0,0,0,67,122,4301,12,18,212,40.57,56.6,Retired (May 2025)
2022-07-24,2022,Test,Pakistan,,Dubai,52,91,57.14,5,0,1,0,67,122,4301,12,18,212,40.57,56.6,Retired (May 2025)
2022-09-01,2022,Test,Afghanistan,,Cape Town,106,187,56.68,14,1,0,1,67,122,4301,12,18,212,40.57,56.6,Retired (May 2025)
2022-10-11,2022,Test,England,,Dubai,6,10,60.0,0,0,0,0,67,122,4301,12,18,212,40.57,56.6,Retired (May 2025)
2022-11-19,2022,Test,Zimbabwe,,Colombo,21,37,56.76,2,0,0,0,67,122,4301,12,18,212,40.57,56.6,Retired (May 2025)
2022-12-28,2022,Test,Australia,,Ahmedabad,0,2,0.0,0,0,0,0,67,122,4301,12,18,212,40.57,56.6,Retired (May 2025)
2023-02-05,2023,Test,New Zealand,,Chennai,56,98,57.14,7,1,1,0,67,122,4301,12,18,212,40.57,56.6,Retired (May 2025)
2023-03-16,2023,Test,Bangladesh,,Mumbai,3,5,60.0,0,0,0,0,67,122,4301,12,18,212,40.57,56.6,Retired (May 2025)
2023-04-25,2023,Test,Zimbabwe,,Ahmedabad,59,104,56.73,7,1,1,0,67,122,4301,12,18,212,40.57,56.6,Retired (May 2025)
2023-06-03,2023,Test,Sri Lanka,,Chennai,55,97,56.7,5,0,1,0,67,122,4301,12,18,212,40.57,56.6,Retired (May 2025)
2023-07-12,2023,Test,England,,Ahmedabad,12,21,57.14,1,0,0,0,67,122,4301,12,18,212,40.57,56.6,Retired (May 2025)
2023-08-20,2023,Test,Zimbabwe,,Kolkata,0,10,0.0,0,0,0,0,67,122,4301,12,18,212,40.57,56.6,Retired (May 2025)
2023-09-29,2023,Test,Afghanistan,,Kolkata,90,159,56.6,11,1,1,0,67,122,4301,12,18,212,40.57,56.6,Retired (May 2025)
2023-11-07,2023,Test,Afghanistan,,Delhi,101,178,56.74,10,2,0,1,67,122,4301,12,18,212,40.57,56.6,Retired (May 2025)
2023-12-16,2023,Test,Afghanistan,,Melbourne,30,53,56.6,3,0,0,0,67,122,4301,12,18,212,40.57,56.6,Retired (May 2025)
2024-01-24,2024,Test,Pakistan,,Delhi,49,86,56.98,5,1,0,0,67,122,4301,12,18,212,40.57,56.6,Retired (May 2025)
2024-03-04,2024,Test,West Indies,,Ahmedabad,10,17,58.82,0,0,0,0,67,122,4301,12,18,212,40.57,56.6,Retired (May 2025)
2024-04-12,2024,Test,West Indies,,Kolkata,22,38,57.89,2,0,0,0,67,122,4301,12,18,212,40.57,56.6,Retired (May 2025)
2024-05-21,2024,Test,Zimbabwe,,Mumbai,40,70,57.14,5,0,0,0,67,122,4301,12,18,212,40.57,56.6,Retired (May 2025)
2024-06-29,2024,Test,West Indies,,Sydney,29,51,56.86,3,0,0,0,67,122,4301,12,18,212,40.57,56.6,Retired (May 2025)
2024-08-07,2024,Test,West Indies,,Mumbai,136,240,56.67,16,1,0,1,67,122,4301,12,18,212,40.57,56.6,Retired (May 2025)
2024-09-16,2024,Test,South Africa,,Colombo,18,31,58.06,2,0,0,0,67,122,4301,12,18,212,40.57,56.6,Retired (May 2025)
2024-10-25,2024,Test,Sri Lanka,,Sydney,28,49,57.14,3,0,0,0,67,122,4301,12,18,212,40.57,56.6,Retired (May 2025)
2024-12-03,2024,Test,New Zealand,,Delhi,35,61,57.38,4,0,0,0,67,122,4301,12,18,212,40.57,56.6,Retired (May 2025)
2025-01-11,2025,Test,Zimbabwe,,Bengaluru,8,14,57.14,0,0,0,0,67,122,4301,12,18,212,40.57,56.6,Retired (May 2025)
2025-02-20,2025,Test,Sri Lanka,,Dubai,119,210,56.67,14,1,0,1,67,122,4301,12,18,212,40.57,56.6,Retired (May 2025)
2025-03-31,2025,Test,Bangladesh,,Cape Town,19,33,57.58,2,0,0,0,67,122,4301,12,18,212,40.57,56.6,Retired (May 2025)
2025-05-09,2025,Test,Sri Lanka,,Kolkata,23,40,57.5,2,0,0,0,67,122,4301,12,18,212,40.57,56.6,Retired (May 2025)
2025-06-17,2025,Test,West Indies,,Colombo,35,61,57.38,3,0,0,0,67,122,4301,12,18,212,40.57,56.6,Retired (May 2025)
2025-07-27,2025,Test,Sri Lanka,,Kolkata,11,19,57.89,1,0,0,0,67,122,4301,12,18,212,40.57,56.6,Retired (May 2025)
2025-09-04,2025,Test,South Africa,,Delhi,61,107,57.01,5,1,1,0,67,122,4301,12,18,212,40.57,56.6,Retired (May 2025)
2025-10-13,2025,Test,New Zealand,,Melbourne,33,58,56.9,3,0,0,0,67,122,4301,12,18,212,40.57,56.6,Retired (May 2025)
2025-11-21,2025,Test,Afghanistan,,Cape Town,90,159,56.6,10,0,1,0,67,122,4301,12,18,212,40.57,56.6,Retired (May 2025)
2025-12-31,2025,Test,West Indies,,London,74,130,56.92,7,0,1,0,67,122,4301,12,18,212,40.57,56.6,Retired (May 2025)
2007-01-01,2007,ODI,Australia,,Kolkata,9,9,100.0,0,0,0,0,273,265,11562,32,57,264,49.2,91.8,Active
2007-01-27,2007,ODI,West Indies,,Sydney,6,6,100.0,0,0,0,0,273,265,11562,32,57,264,49.2,91.8,Active
2007-02-22,2007,ODI,England,,Chennai,8,8,100.0,1,0,0,0,273,265,11562,32,57,264,49.2,91.8,Active
2007-03-20,2007,ODI,Australia,,Melbourne,41,44,93.18,5,0,0,0,273,265,11562,32,57,264,49.2,91.8,Active
2007-04-16,2007,ODI,New Zealand,,Mumbai,9,9,100.0,1,0,0,0,273,265,11562,32,57,264,49.2,91.8,Active
2007-05-12,2007,ODI,New Zealand,,Cape Town,28,30,93.33,3,0,0,0,273,265,11562,32,57,264,49.2,91.8,Active
2007-06-07,2007,ODI,New Zealand,,Dubai,68,74,91.89,8,1,1,0,273,265,11562,32,57,264,49.2,91.8,Active
2007-07-03,2007,ODI,New Zealand,,Cape Town,234,254,92.13,30,2,0,1,273,265,11562,32,57,264,49.2,91.8,Active
2007-07-30,2007,ODI,New Zealand,,Melbourne,56,61,91.8,6,0,1,0,273,265,11562,32,57,264,49.2,91.8,Active
2007-08-25,2007,ODI,Australia,,Melbourne,44,47,93.62,6,0,0,0,273,265,11562,32,57,264,49.2,91.8,Active
2007-09-20,2007,ODI,England,,Delhi,27,29,93.1,2,0,0,0,273,265,11562,32,57,264,49.2,91.8,Active
2007-10-17,2007,ODI,Zimbabwe,,Dubai,124,135,91.85,14,3,0,1,273,265,11562,32,57,264,49.2,91.8,Active
2007-11-12,2007,ODI,Sri Lanka,,Chennai,34,37,91.89,3,0,0,0,273,265,11562,32,57,264,49.2,91.8,Active
2007-12-08,2007,ODI,Zimbabwe,,Bengaluru,110,119,92.44,11,2,0,1,273,265,11562,32,57,264,49.2,91.8,Active
2008-01-03,2008,ODI,South Africa,,Kolkata,0,12,0.0,0,0,0,0,273,265,11562,32,57,264,49.2,91.8,Active
2008-01-30,2008,ODI,Australia,,Ahmedabad,84,91,92.31,10,1,1,0,273,265,11562,32,57,264,49.2,91.8,Active
2008-02-25,2008,ODI,West Indies,,Dubai,225,245,91.84,24,2,0,1,273,265,11562,32,57,264,49.2,91.8,Active
2008-03-22,2008,ODI,England,,Chennai,6,6,100.0,0,0,0,0,273,265,11562,32,57,264,49.2,91.8,Active
2008-04-18,2008,ODI,Australia,,Melbourne,18,19,94.74,1,0,0,0,273,265,11562,32,57,264,49.2,91.8,Active
2008-05-14,2008,ODI,Zimbabwe,,Chennai,13,14,92.86,1,0,0,0,273,265,11562,32,57,264,49.2,91.8,Active
2008-06-09,2008,ODI,West Indies,,London,49,53,92.45,6,0,0,0,273,265,11562,32,57,264,49.2,91.8,Active
2008-07-05,2008,ODI,New Zealand,,Cape Town,29,31,93.55,2,0,0,0,273,265,11562,32,57,264,49.2,91.8,Active
2008-08-01,2008,ODI,Australia,,Colombo,26,28,92.86,3,0,0,0,273,265,11562,32,57,264,49.2,91.8,Active
2008-08-27,2008,ODI,South Africa,,Bengaluru,4,4,100.0,0,0,0,0,273,265,11562,32,57,264,49.2,91.8,Active
2008-09-22,2008,ODI,West Indies,,Melbourne,5,5,100.0,0,0,0,0,273,265,11562,32,57,264,49.2,91.8,Active
2008-10-19,2008,ODI,England,,London,32,34,94.12,3,0,0,0,273,265,11562,32,57,264,49.2,91.8,Active
2008-11-14,2008,ODI,Sri Lanka,,Ahmedabad,16,17,94.12,1,0,0,0,273,265,11562,32,57,264,49.2,91.8,Active
2008-12-10,2008,ODI,New Zealand,,Bengaluru,1,1,100.0,0,0,0,0,273,265,11562,32,57,264,49.2,91.8,Active
2009-01-05,2009,ODI,Pakistan,,Sydney,123,133,92.48,15,1,0,1,273,265,11562,32,57,264,49.2,91.8,Active
2009-02-01,2009,ODI,Australia,,Melbourne,10,10,100.0,1,0,0,0,273,265,11562,32,57,264,49.2,91.8,Active
2009-02-27,2009,ODI,England,,London,18,19,94.74,1,0,0,0,273,265,11562,32,57,264,49.2,91.8,Active
2009-03-25,2009,ODI,Zimbabwe,,Ahmedabad,47,51,92.16,4,0,0,0,273,265,11562,32,57,264,49.2,91.8,Active
2009-04-21,2009,ODI,Sri Lanka,,Sydney,35,38,92.11,3,0,0,0,273,265,11562,32,57,264,49.2,91.8,Active
2009-05-17,2009,ODI,Pakistan,,Kolkata,91,99,91.92,11,1,1,0,273,265,11562,32,57,264,49.2,91.8,Active
2009-06-12,2009,ODI,Afghanistan,,Delhi,133,144,92.36,16,1,0,1,273,265,11562,32,57,264,49.2,91.8,Active
2009-07-08,2009,ODI,Australia,,Bengaluru,49,53,92.45,4,0,0,0,273,265,11562,32,57,264,49.2,91.8,Active
2009-08-04,2009,ODI,South Africa,,Mumbai,3,3,100.0,0,0,0,0,273,265,11562,32,57,264,49.2,91.8,Active
2009-08-30,2009,ODI,Afghanistan,,Chennai,58,63,92.06,7,0,1,0,273,265,11562,32,57,264,49.2,91.8,Active
2009-09-25,2009,ODI,Sri Lanka,,Sydney,13,14,92.86,1,0,0,0,273,265,11562,32,57,264,49.2,91.8,Active
2009-10-22,2009,ODI,Bangladesh,,Kolkata,10,10,100.0,1,0,0,0,273,265,11562,32,57,264,49.2,91.8,Active
2009-11-17,2009,ODI,Pakistan,,Colombo,19,20,95.0,2,0,0,0,273,265,11562,32,57,264,49.2,91.8,Active
2009-12-13,2009,ODI,Pakistan,,Kolkata,6,6,100.0,0,0,0,0,273,265,11562,32,57,264,49.2,91.8,Active
2010-01-08,2010,ODI,Afghanistan,,Delhi,23,25,92.0,2,0,0,0,273,265,11562,32,57,264,49.2,91.8,Active
2010-02-04,2010,ODI,England,,Delhi,79,86,91.86,9,0,1,0,273,265,11562,32,57,264,49.2,91.8,Active
2010-03-02,2010,ODI,Australia,,Ahmedabad,38,41,92.68,4,0,0,0,273,265,11562,32,57,264,49.2,91.8,Active
2010-03-28,2010,ODI,Bangladesh,,Colombo,23,25,92.0,2,0,0,0,273,265,11562,32,57,264,49.2,91.8,Active
2010-04-24,2010,ODI,Afghanistan,,Ahmedabad,58,63,92.06,7,0,1,0,273,265,11562,32,57,264,49.2,91.8,Active
2010-05-20,2010,ODI,Zimbabwe,,Colombo,41,44,93.18,4,1,0,0,273,265,11562,32,57,264,49.2,91.8,Active
2010-06-15,2010,ODI,Afghanistan,,Cape Town,62,67,92.54,6,0,1,0,273,265,11562,32,57,264,49.2,91.8,Active
2010-07-11,2010,ODI,Zimbabwe,,Ahmedabad,91,99,91.92,9,1,1,0,273,265,11562,32,57,264,49.2,91.8,Active
2010-08-07,2010,ODI,England,,Bengaluru,30,32,93.75,3,0,0,0,273,265,11562,32,57,264,49.2,91.8,Active
2010-09-02,2010,ODI,Sri Lanka,,Colombo,126,137,91.97,13,1,0,1,273,265,11562,32,57,264,49.2,91.8,Active
2010-09-28,2010,ODI,South Africa,,Bengaluru,84,91,92.31,8,0,1,0,273,265,11562,32,57,264,49.2,91.8,Active
2010-10-25,2010,ODI,Sri Lanka,,Delhi,49,53,92.45,5,0,0,0,273,265,11562,32,57,264,49.2,91.8,Active
2010-11-20,2010,ODI,New Zealand,,Cape Town,47,51,92.16,5,0,0,0,273,265,11562,32,57,264,49.2,91.8,Active
2010-12-16,2010,ODI,Sri Lanka,,Bengaluru,2,2,100.0,0,0,0,0,273,265,11562,32,57,264,49.2,91.8,Active
2011-01-11,2011,ODI,England,,Melbourne,0,10,0.0,0,0,0,0,273,265,11562,32,57,264,49.2,91.8,Active
2011-02-07,2011,ODI,Australia,,London,49,53,92.45,5,0,0,0,273,265,11562,32,57,264,49.2,91.8,Active
2011-03-05,2011,ODI,Australia,,Ahmedabad,53,57,92.98,7,0,1,0,273,265,11562,32,57,264,49.2,91.8,Active
2011-03-31,2011,ODI,Pakistan,,Cape Town,13,14,92.86,1,0,0,0,273,265,11562,32,57,264,49.2,91.8,Active
2011-04-27,2011,ODI,Zimbabwe,,Kolkata,25,27,92.59,2,0,0,0,273,265,11562,32,57,264,49.2,91.8,Active
2011-05-23,2011,ODI,England,,Sydney,25,27,92.59,2,0,0,0,273,265,11562,32,57,264,49.2,91.8,Active
2011-06-18,2011,ODI,Zimbabwe,,Cape Town,35,38,92.11,4,0,0,0,273,265,11562,32,57,264,49.2,91.8,Active
2011-07-14,2011,ODI,Zimbabwe,,Dubai,83,90,92.22,7,1,1,0,273,265,11562,32,57,264,49.2,91.8,Active
2011-08-10,2011,ODI,Afghanistan,,Chennai,55,59,93.22,6,1,1,0,273,265,11562,32,57,264,49.2,91.8,Active
2011-09-05,2011,ODI,Pakistan,,Kolkata,21,22,95.45,1,0,0,0,273,265,11562,32,57,264,49.2,91.8,Active
2011-10-01,2011,ODI,Bangladesh,,Cape Town,40,43,93.02,5,0,0,0,273,265,11562,32,57,264,49.2,91.8,Active
2011-10-28,2011,ODI,Bangladesh,,Melbourne,50,54,92.59,5,0,1,0,273,265,11562,32,57,264,49.2,91.8,Active
2011-11-23,2011,ODI,South Africa,,Bengaluru,3,3,100.0,0,0,0,0,273,265,11562,32,57,264,49.2,91.8,Active
2011-12-19,2011,ODI,Australia,,Sydney,9,9,100.0,1,0,0,0,273,265,11562,32,57,264,49.2,91.8,Active
2012-01-14,2012,ODI,New Zealand,,Melbourne,2,2,100.0,0,0,0,0,273,265,11562,32,57,264,49.2,91.8,Active
2012-02-10,2012,ODI,South Africa,,Sydney,67,72,93.06,7,1,1,0,273,265,11562,32,57,264,49.2,91.8,Active
2012-03-07,2012,ODI,England,,Mumbai,49,53,92.45,5,0,0,0,273,265,11562,32,57,264,49.2,91.8,Active
2012-04-02,2012,ODI,Sri Lanka,,Bengaluru,73,79,92.41,6,1,1,0,273,265,11562,32,57,264,49.2,91.8,Active
2012-04-29,2012,ODI,Australia,,Melbourne,2,2,100.0,0,0,0,0,273,265,11562,32,57,264,49.2,91.8,Active
2012-05-25,2012,ODI,Zimbabwe,,Colombo,13,14,92.86,1,0,0,0,273,265,11562,32,57,264,49.2,91.8,Active
2012-06-20,2012,ODI,New Zealand,,Cape Town,25,27,92.59,3,0,0,0,273,265,11562,32,57,264,49.2,91.8,Active
2012-07-16,2012,ODI,South Africa,,Delhi,7,7,100.0,0,0,0,0,273,265,11562,32,57,264,49.2,91.8,Active
2012-08-12,2012,ODI,Zimbabwe,,Ahmedabad,213,232,91.81,20,3,0,1,273,265,11562,32,57,264,49.2,91.8,Active
2012-09-07,2012,ODI,Sri Lanka,,Colombo,77,83,92.77,8,0,1,0,273,265,11562,32,57,264,49.2,91.8,Active
2012-10-03,2012,ODI,West Indies,,Colombo,50,54,92.59,5,1,1,0,273,265,11562,32,57,264,49.2,91.8,Active
2012-10-30,2012,ODI,Sri Lanka,,Ahmedabad,2,2,100.0,0,0,0,0,273,265,11562,32,57,264,49.2,91.8,Active
2012-11-25,2012,ODI,Sri Lanka,,Melbourne,55,59,93.22,7,0,1,0,273,265,11562,32,57,264,49.2,91.8,Active
2012-12-21,2012,ODI,South Africa,,Cape Town,25,27,92.59,2,0,0,0,273,265,11562,32,57,264,49.2,91.8,Active
2013-01-16,2013,ODI,West Indies,,Cape Town,12,13,92.31,1,0,0,0,273,265,11562,32,57,264,49.2,91.8,Active
2013-02-12,2013,ODI,Australia,,Ahmedabad,7,7,100.0,0,0,0,0,273,265,11562,32,57,264,49.2,91.8,Active
2013-03-10,2013,ODI,England,,Kolkata,76,82,92.68,8,1,1,0,273,265,11562,32,57,264,49.2,91.8,Active
2013-04-05,2013,ODI,Afghanistan,,Bengaluru,62,67,92.54,6,1,1,0,273,265,11562,32,57,264,49.2,91.8,Active
2013-05-02,2013,ODI,South Africa,,Mumbai,5,5,100.0,0,0,0,0,273,265,11562,32,57,264,49.2,91.8,Active
2013-05-28,2013,ODI,New Zealand,,Chennai,25,27,92.59,2,0,0,0,273,265,11562,32,57,264,49.2,91.8,Active
2013-06-23,2013,ODI,West Indies,,Sydney,154,167,92.22,17,2,0,1,273,265,11562,32,57,264,49.2,91.8,Active
2013-07-19,2013,ODI,Australia,,London,147,160,91.88,16,1,0,1,273,265,11562,32,57,264,49.2,91.8,Active
2013-08-15,2013,ODI,New Zealand,,Dubai,35,38,92.11,3,0,0,0,273,265,11562,32,57,264,49.2,91.8,Active
2013-09-10,2013,ODI,South Africa,,Delhi,15,16,93.75,1,0,0,0,273,265,11562,32,57,264,49.2,91.8,Active
2013-10-06,2013,ODI,Afghanistan,,Colombo,32,34,94.12,4,0,0,0,273,265,11562,32,57,264,49.2,91.8,Active
2013-11-01,2013,ODI,England,,London,37,40,92.5,4,0,0,0,273,265,11562,32,57,264,49.2,91.8,Active
2013-11-28,2013,ODI,Australia,,Dubai,14,15,93.33,1,0,0,0,273,265,11562,32,57,264,49.2,91.8,Active
2013-12-24,2013,ODI,Sri Lanka,,Bengaluru,2,2,100.0,0,0,0,0,273,265,11562,32,57,264,49.2,91.8,Active
2014-01-19,2014,ODI,Zimbabwe,,Mumbai,263,286,91.96,27,3,0,1,273,265,11562,32,57,264,49.2,91.8,Active
2014-02-15,2014,ODI,New Zealand,,Cape Town,6,6,100.0,0,0,0,0,273,265,11562,32,57,264,49.2,91.8,Active
2014-03-13,2014,ODI,Australia,,Delhi,5,5,100.0,0,0,0,0,273,265,11562,32,57,264,49.2,91.8,Active
2014-04-08,2014,ODI,South Africa,,Mumbai,43,46,93.48,4,1,0,0,273,265,11562,32,57,264,49.2,91.8,Active
2014-05-04,2014,ODI,Australia,,Sydney,49,53,92.45,6,0,0,0,273,265,11562,32,57,264,49.2,91.8,Active
2014-05-31,2014,ODI,Sri Lanka,,London,4,4,100.0,0,0,0,0,273,265,11562,32,57,264,49.2,91.8,Active
2014-06-26,2014,ODI,Sri Lanka,,Colombo,32,34,94.12,3,0,0,0,273,265,11562,32,57,264,49.2,91.8,Active
2014-07-22,2014,ODI,Afghanistan,,Mumbai,97,105,92.38,11,2,1,0,273,265,11562,32,57,264,49.2,91.8,Active
2014-08-18,2014,ODI,Sri Lanka,,Chennai,92,100,92.0,8,0,1,0,273,265,11562,32,57,264,49.2,91.8,Active
2014-09-13,2014,ODI,West Indies,,Chennai,5,5,100.0,0,0,0,0,273,265,11562,32,57,264,49.2,91.8,Active
2014-10-09,2014,ODI,Zimbabwe,,Sydney,78,84,92.86,9,0,1,0,273,265,11562,32,57,264,49.2,91.8,Active
2014-11-04,2014,ODI,England,,Bengaluru,9,9,100.0,0,0,0,0,273,265,11562,32,57,264,49.2,91.8,Active
2014-12-01,2014,ODI,West Indies,,Delhi,8,8,100.0,0,0,0,0,273,265,11562,32,57,264,49.2,91.8,Active
2014-12-27,2014,ODI,Pakistan,,London,209,227,92.07,21,4,0,1,273,265,11562,32,57,264,49.2,91.8,Active
2015-01-22,2015,ODI,Sri Lanka,,Melbourne,49,53,92.45,6,0,0,0,273,265,11562,32,57,264,49.2,91.8,Active
2015-02-18,2015,ODI,Afghanistan,,Melbourne,248,270,91.85,32,4,0,1,273,265,11562,32,57,264,49.2,91.8,Active
2015-03-16,2015,ODI,England,,Chennai,83,90,92.22,8,2,1,0,273,265,11562,32,57,264,49.2,91.8,Active
2015-04-11,2015,ODI,Australia,,London,62,67,92.54,5,0,1,0,273,265,11562,32,57,264,49.2,91.8,Active
2015-05-07,2015,ODI,Afghanistan,,Melbourne,23,25,92.0,2,0,0,0,273,265,11562,32,57,264,49.2,91.8,Active
2015-06-03,2015,ODI,Zimbabwe,,London,49,53,92.45,5,0,0,0,273,265,11562,32,57,264,49.2,91.8,Active
2015-06-29,2015,ODI,New Zealand,,Sydney,33,35,94.29,4,0,0,0,273,265,11562,32,57,264,49.2,91.8,Active
2015-07-25,2015,ODI,Australia,,Dubai,13,14,92.86,1,0,0,0,273,265,11562,32,57,264,49.2,91.8,Active
2015-08-21,2015,ODI,Sri Lanka,,Delhi,3,3,100.0,0,0,0,0,273,265,11562,32,57,264,49.2,91.8,Active
2015-09-16,2015,ODI,Pakistan,,Sydney,49,53,92.45,6,0,0,0,273,265,11562,32,57,264,49.2,91.8,Active
2015-10-12,2015,ODI,Bangladesh,,Sydney,30,32,93.75,3,0,0,0,273,265,11562,32,57,264,49.2,91.8,Active
2015-11-07,2015,ODI,Bangladesh,,Dubai,24,26,92.31,2,0,0,0,273,265,11562,32,57,264,49.2,91.8,Active
2015-12-04,2015,ODI,Pakistan,,Delhi,68,74,91.89,6,0,1,0,273,265,11562,32,57,264,49.2,91.8,Active
2015-12-30,2015,ODI,South Africa,,Mumbai,54,58,93.1,5,0,1,0,273,265,11562,32,57,264,49.2,91.8,Active
2016-01-25,2016,ODI,South Africa,,Sydney,24,26,92.31,3,0,0,0,273,265,11562,32,57,264,49.2,91.8,Active
2016-02-21,2016,ODI,Bangladesh,,Sydney,9,9,100.0,0,0,0,0,273,265,11562,32,57,264,49.2,91.8,Active
2016-03-18,2016,ODI,New Zealand,,Kolkata,202,220,91.82,25,4,0,1,273,265,11562,32,57,264,49.2,91.8,Active
2016-04-13,2016,ODI,Sri Lanka,,Mumbai,73,79,92.41,6,0,1,0,273,265,11562,32,57,264,49.2,91.8,Active
2016-05-09,2016,ODI,Pakistan,,Kolkata,23,25,92.0,2,0,0,0,273,265,11562,32,57,264,49.2,91.8,Active
2016-06-05,2016,ODI,Bangladesh,,London,6,6,100.0,0,0,0,0,273,265,11562,32,57,264,49.2,91.8,Active
2016-07-01,2016,ODI,West Indies,,Mumbai,0,7,0.0,0,0,0,0,273,265,11562,32,57,264,49.2,91.8,Active
2016-07-27,2016,ODI,Bangladesh,,Colombo,14,15,93.33,1,0,0,0,273,265,11562,32,57,264,49.2,91.8,Active
2016-08-23,2016,ODI,Pakistan,,Dubai,33,35,94.29,3,0,0,0,273,265,11562,32,57,264,49.2,91.8,Active
2016-09-18,2016,ODI,Zimbabwe,,Mumbai,70,76,92.11,7,1,1,0,273,265,11562,32,57,264,49.2,91.8,Active
2016-10-14,2016,ODI,Australia,,Delhi,58,63,92.06,5,0,1,0,273,265,11562,32,57,264,49.2,91.8,Active
2016-11-09,2016,ODI,England,,Melbourne,209,227,92.07,25,2,0,1,273,265,11562,32,57,264,49.2,91.8,Active
2016-12-06,2016,ODI,West Indies,,Melbourne,9,9,100.0,0,0,0,0,273,265,11562,32,57,264,49.2,91.8,Active
2017-01-01,2017,ODI,Sri Lanka,,Cape Town,2,2,100.0,0,0,0,0,273,265,11562,32,57,264,49.2,91.8,Active
2017-01-27,2017,ODI,Zimbabwe,,Melbourne,60,65,92.31,5,0,1,0,273,265,11562,32,57,264,49.2,91.8,Active
2017-02-23,2017,ODI,Bangladesh,,Mumbai,127,138,92.03,13,1,0,1,273,265,11562,32,57,264,49.2,91.8,Active
2017-03-21,2017,ODI,Australia,,Sydney,3,3,100.0,0,0,0,0,273,265,11562,32,57,264,49.2,91.8,Active
2017-04-16,2017,ODI,New Zealand,,Delhi,73,79,92.41,7,1,1,0,273,265,11562,32,57,264,49.2,91.8,Active
2017-05-12,2017,ODI,Sri Lanka,,Kolkata,61,66,92.42,6,1,1,0,273,265,11562,32,57,264,49.2,91.8,Active
2017-06-08,2017,ODI,Sri Lanka,,Delhi,7,7,100.0,0,0,0,0,273,265,11562,32,57,264,49.2,91.8,Active
2017-07-04,2017,ODI,Pakistan,,Cape Town,255,277,92.06,34,2,0,1,273,265,11562,32,57,264,49.2,91.8,Active
2017-07-30,2017,ODI,Pakistan,,Kolkata,33,35,94.29,3,0,0,0,273,265,11562,32,57,264,49.2,91.8,Active
2017-08-26,2017,ODI,Sri Lanka,,Mumbai,49,53,92.45,4,0,0,0,273,265,11562,32,57,264,49.2,91.8,Active
2017-09-21,2017,ODI,Afghanistan,,Melbourne,49,53,92.45,5,0,0,0,273,265,11562,32,57,264,49.2,91.8,Active
2017-10-17,2017,ODI,West Indies,,Delhi,49,53,92.45,6,0,0,0,273,265,11562,32,57,264,49.2,91.8,Active
2017-11-12,2017,ODI,Sri Lanka,,Ahmedabad,20,21,95.24,2,0,0,0,273,265,11562,32,57,264,49.2,91.8,Active
2017-12-09,2017,ODI,Bangladesh,,Ahmedabad,2,2,100.0,0,0,0,0,273,265,11562,32,57,264,49.2,91.8,Active
2018-01-04,2018,ODI,New Zealand,,Chennai,18,19,94.74,2,0,0,0,273,265,11562,32,57,264,49.2,91.8,Active
2018-01-30,2018,ODI,Australia,,Ahmedabad,43,46,93.48,4,0,0,0,273,265,11562,32,57,264,49.2,91.8,Active
2018-02-26,2018,ODI,Pakistan,,Kolkata,45,49,91.84,4,1,0,0,273,265,11562,32,57,264,49.2,91.8,Active
2018-03-24,2018,ODI,Pakistan,,Mumbai,35,38,92.11,3,0,0,0,273,265,11562,32,57,264,49.2,91.8,Active
2018-04-19,2018,ODI,New Zealand,,Chennai,33,35,94.29,3,0,0,0,273,265,11562,32,57,264,49.2,91.8,Active
2018-05-15,2018,ODI,West Indies,,Ahmedabad,93,101,92.08,11,2,1,0,273,265,11562,32,57,264,49.2,91.8,Active
2018-06-11,2018,ODI,West Indies,,Colombo,3,3,100.0,0,0,0,0,273,265,11562,32,57,264,49.2,91.8,Active
2018-07-07,2018,ODI,Afghanistan,,Chennai,149,162,91.98,20,1,0,1,273,265,11562,32,57,264,49.2,91.8,Active
2018-08-02,2018,ODI,New Zealand,,Bengaluru,57,62,91.94,5,0,1,0,273,265,11562,32,57,264,49.2,91.8,Active
2018-08-29,2018,ODI,Bangladesh,,Dubai,55,59,93.22,6,1,1,0,273,265,11562,32,57,264,49.2,91.8,Active
2018-09-24,2018,ODI,Zimbabwe,,Ahmedabad,80,87,91.95,10,0,1,0,273,265,11562,32,57,264,49.2,91.8,Active
2018-10-20,2018,ODI,Sri Lanka,,Cape Town,228,248,91.94,21,2,0,1,273,265,11562,32,57,264,49.2,91.8,Active
2018-11-15,2018,ODI,Bangladesh,,Ahmedabad,8,8,100.0,0,0,0,0,273,265,11562,32,57,264,49.2,91.8,Active
2018-12-12,2018,ODI,West Indies,,Dubai,1,1,100.0,0,0,0,0,273,265,11562,32,57,264,49.2,91.8,Active
2019-01-07,2019,ODI,Bangladesh,,London,189,205,92.2,20,2,0,1,273,265,11562,32,57,264,49.2,91.8,Active
2019-02-02,2019,ODI,Afghanistan,,Melbourne,49,53,92.45,6,0,0,0,273,265,11562,32,57,264,49.2,91.8,Active
2019-03-01,2019,ODI,Afghanistan,,Melbourne,68,74,91.89,7,1,1,0,273,265,11562,32,57,264,49.2,91.8,Active
2019-03-27,2019,ODI,Sri Lanka,,Melbourne,60,65,92.31,6,1,1,0,273,265,11562,32,57,264,49.2,91.8,Active
2019-04-22,2019,ODI,Pakistan,,Mumbai,44,47,93.62,5,1,0,0,273,265,11562,32,57,264,49.2,91.8,Active
2019-05-18,2019,ODI,Pakistan,,Mumbai,1,1,100.0,0,0,0,0,273,265,11562,32,57,264,49.2,91.8,Active
2019-06-14,2019,ODI,Afghanistan,,Ahmedabad,49,53,92.45,6,1,0,0,273,265,11562,32,57,264,49.2,91.8,Active
2019-07-10,2019,ODI,Sri Lanka,,London,49,53,92.45,5,0,0,0,273,265,11562,32,57,264,49.2,91.8,Active
2019-08-05,2019,ODI,England,,Colombo,21,22,95.45,2,0,0,0,273,265,11562,32,57,264,49.2,91.8,Active
2019-09-01,2019,ODI,Zimbabwe,,London,156,169,92.31,17,2,0,1,273,265,11562,32,57,264,49.2,91.8,Active
2019-09-27,2019,ODI,Sri Lanka,,Chennai,73,79,92.41,6,1,1,0,273,265,11562,32,57,264,49.2,91.8,Active
2019-10-23,2019,ODI,Zimbabwe,,Ahmedabad,74,80,92.5,7,1,1,0,273,265,11562,32,57,264,49.2,91.8,Active
2019-11-18,2019,ODI,Sri Lanka,,Sydney,1,1,100.0,0,0,0,0,273,265,11562,32,57,264,49.2,91.8,Active
2019-12-15,2019,ODI,South Africa,,Mumbai,20,21,95.24,1,0,0,0,273,265,11562,32,57,264,49.2,91.8,Active
2020-01-10,2020,ODI,West Indies,,Dubai,10,10,100.0,1,0,0,0,273,265,11562,32,57,264,49.2,91.8,Active
2020-02-05,2020,ODI,Bangladesh,,London,72,78,92.31,8,1,1,0,273,265,11562,32,57,264,49.2,91.8,Active
2020-03-02,2020,ODI,Zimbabwe,,Chennai,48,52,92.31,5,0,0,0,273,265,11562,32,57,264,49.2,91.8,Active
2020-03-29,2020,ODI,South Africa,,Sydney,5,5,100.0,0,0,0,0,273,265,11562,32,57,264,49.2,91.8,Active
2020-04-24,2020,ODI,New Zealand,,Colombo,15,16,93.75,1,0,0,0,273,265,11562,32,57,264,49.2,91.8,Active
2020-05-20,2020,ODI,Zimbabwe,,Cape Town,3,3,100.0,0,0,0,0,273,265,11562,32,57,264,49.2,91.8,Active
2020-06-16,2020,ODI,Bangladesh,,Dubai,259,282,91.84,33,2,0,1,273,265,11562,32,57,264,49.2,91.8,Active
2020-07-12,2020,ODI,Pakistan,,Cape Town,22,23,95.65,2,0,0,0,273,265,11562,32,57,264,49.2,91.8,Active
2020-08-07,2020,ODI,New Zealand,,Kolkata,42,45,93.33,5,0,0,0,273,265,11562,32,57,264,49.2,91.8,Active
2020-09-02,2020,ODI,England,,Kolkata,124,135,91.85,12,1,0,1,273,265,11562,32,57,264,49.2,91.8,Active
2020-09-29,2020,ODI,Australia,,Dubai,80,87,91.95,8,1,1,0,273,265,11562,32,57,264,49.2,91.8,Active
2020-10-25,2020,ODI,Sri Lanka,,Ahmedabad,2,2,100.0,0,0,0,0,273,265,11562,32,57,264,49.2,91.8,Active
2020-11-20,2020,ODI,England,,Delhi,19,20,95.0,2,0,0,0,273,265,11562,32,57,264,49.2,91.8,Active
2020-12-17,2020,ODI,Pakistan,,Sydney,1,1,100.0,0,0,0,0,273,265,11562,32,57,264,49.2,91.8,Active
2021-01-12,2021,ODI,Zimbabwe,,Ahmedabad,49,53,92.45,5,0,0,0,273,265,11562,32,57,264,49.2,91.8,Active
2021-02-07,2021,ODI,Sri Lanka,,Sydney,49,53,92.45,5,0,0,0,273,265,11562,32,57,264,49.2,91.8,Active
2021-03-05,2021,ODI,Zimbabwe,,Chennai,219,238,92.02,19,3,0,1,273,265,11562,32,57,264,49.2,91.8,Active
2021-04-01,2021,ODI,Bangladesh,,Bengaluru,90,98,91.84,11,2,1,0,273,265,11562,32,57,264,49.2,91.8,Active
2021-04-27,2021,ODI,South Africa,,London,29,31,93.55,3,0,0,0,273,265,11562,32,57,264,49.2,91.8,Active
2021-05-23,2021,ODI,Afghanistan,,Kolkata,16,17,94.12,2,0,0,0,273,265,11562,32,57,264,49.2,91.8,Active
2021-06-19,2021,ODI,Afghanistan,,Delhi,28,30,93.33,2,0,0,0,273,265,11562,32,57,264,49.2,91.8,Active
2021-07-15,2021,ODI,Afghanistan,,Sydney,27,29,93.1,3,0,0,0,273,265,11562,32,57,264,49.2,91.8,Active
2021-08-10,2021,ODI,Afghanistan,,Sydney,96,104,92.31,9,1,1,0,273,265,11562,32,57,264,49.2,91.8,Active
2021-09-05,2021,ODI,Sri Lanka,,Cape Town,49,53,92.45,6,0,0,0,273,265,11562,32,57,264,49.2,91.8,Active
2021-10-02,2021,ODI,New Zealand,,Dubai,15,16,93.75,1,0,0,0,273,265,11562,32,57,264,49.2,91.8,Active
2021-10-28,2021,ODI,Bangladesh,,London,105,114,92.11,12,2,0,1,273,265,11562,32,57,264,49.2,91.8,Active
2021-11-23,2021,ODI,England,,Kolkata,36,39,92.31,3,0,0,0,273,265,11562,32,57,264,49.2,91.8,Active
2021-12-20,2021,ODI,Sri Lanka,,Kolkata,20,21,95.24,2,0,0,0,273,265,11562,32,57,264,49.2,91.8,Active
2022-01-15,2022,ODI,New Zealand,,Mumbai,7,7,100.0,0,0,0,0,273,265,11562,32,57,264,49.2,91.8,Active
2022-02-10,2022,ODI,Zimbabwe,,Cape Town,6,6,100.0,0,0,0,0,273,265,11562,32,57,264,49.2,91.8,Active
2022-03-08,2022,ODI,Australia,,Ahmedabad,46,50,92.0,4,0,0,0,273,265,11562,32,57,264,49.2,91.8,Active
2022-04-04,2022,ODI,England,,Sydney,70,76,92.11,7,0,1,0,273,265,11562,32,57,264,49.2,91.8,Active
2022-04-30,2022,ODI,Bangladesh,,Dubai,98,106,92.45,10,1,1,0,273,265,11562,32,57,264,49.2,91.8,Active
2022-05-26,2022,ODI,Bangladesh,,London,15,16,93.75,1,0,0,0,273,265,11562,32,57,264,49.2,91.8,Active
2022-06-22,2022,ODI,South Africa,,Chennai,155,168,92.26,15,1,0,1,273,265,11562,32,57,264,49.2,91.8,Active
2022-07-18,2022,ODI,Pakistan,,Kolkata,105,114,92.11,10,2,0,1,273,265,11562,32,57,264,49.2,91.8,Active
2022-08-13,2022,ODI,New Zealand,,Melbourne,75,81,92.59,7,0,1,0,273,265,11562,32,57,264,49.2,91.8,Active
2022-09-08,2022,ODI,Pakistan,,Sydney,23,25,92.0,2,0,0,0,273,265,11562,32,57,264,49.2,91.8,Active
2022-10-05,2022,ODI,Sri Lanka,,Chennai,14,15,93.33,1,0,0,0,273,265,11562,32,57,264,49.2,91.8,Active
2022-10-31,2022,ODI,South Africa,,Melbourne,12,13,92.31,1,0,0,0,273,265,11562,32,57,264,49.2,91.8,Active
2022-11-26,2022,ODI,Bangladesh,,Colombo,2,2,100.0,0,0,0,0,273,265,11562,32,57,264,49.2,91.8,Active
2022-12-23,2022,ODI,New Zealand,,Chennai,18,19,94.74,1,0,0,0,273,265,11562,32,57,264,49.2,91.8,Active
2023-01-18,2023,ODI,Afghanistan,,Bengaluru,11,11,100.0,1,0,0,0,273,265,11562,32,57,264,49.2,91.8,Active
2023-02-13,2023,ODI,West Indies,,Chennai,49,53,92.45,6,1,0,0,273,265,11562,32,57,264,49.2,91.8,Active
2023-03-11,2023,ODI,Bangladesh,,Dubai,13,14,92.86,1,0,0,0,273,265,11562,32,57,264,49.2,91.8,Active
2023-04-07,2023,ODI,Bangladesh,,Ahmedabad,35,38,92.11,4,0,0,0,273,265,11562,32,57,264,49.2,91.8,Active
2023-05-03,2023,ODI,Australia,,Colombo,100,108,92.59,11,1,0,1,273,265,11562,32,57,264,49.2,91.8,Active
2023-05-29,2023,ODI,England,,Mumbai,45,49,91.84,5,0,0,0,273,265,11562,32,57,264,49.2,91.8,Active
2023-06-25,2023,ODI,Bangladesh,,Bengaluru,3,3,100.0,0,0,0,0,273,265,11562,32,57,264,49.2,91.8,Active
2023-07-21,2023,ODI,West Indies,,Bengaluru,3,3,100.0,0,0,0,0,273,265,11562,32,57,264,49.2,91.8,Active
2023-08-16,2023,ODI,Afghanistan,,Dubai,208,226,92.04,27,4,0,1,273,265,11562,32,57,264,49.2,91.8,Active
2023-09-11,2023,ODI,South Africa,,Melbourne,5,5,100.0,0,0,0,0,273,265,11562,32,57,264,49.2,91.8,Active
2023-10-08,2023,ODI,Afghanistan,,Colombo,0,2,0.0,0,0,0,0,273,265,11562,32,57,264,49.2,91.8,Active
2023-11-03,2023,ODI,South Africa,,Cape Town,71,77,92.21,8,0,1,0,273,265,11562,32,57,264,49.2,91.8,Active
2023-11-29,2023,ODI,Bangladesh,,London,49,53,92.45,4,0,0,0,273,265,11562,32,57,264,49.2,91.8,Active
2023-12-26,2023,ODI,New Zealand,,Dubai,58,63,92.06,6,0,1,0,273,265,11562,32,57,264,49.2,91.8,Active
2024-01-21,2024,ODI,Pakistan,,Dubai,10,10,100.0,1,0,0,0,273,265,11562,32,57,264,49.2,91.8,Active
2024-02-16,2024,ODI,Sri Lanka,,Colombo,25,27,92.59,2,0,0,0,273,265,11562,32,57,264,49.2,91.8,Active
2024-03-13,2024,ODI,Australia,,Ahmedabad,4,4,100.0,0,0,0,0,273,265,11562,32,57,264,49.2,91.8,Active
2024-04-09,2024,ODI,Bangladesh,,Bengaluru,34,37,91.89,4,0,0,0,273,265,11562,32,57,264,49.2,91.8,Active
2024-05-05,2024,ODI,South Africa,,Ahmedabad,178,193,92.23,19,3,0,1,273,265,11562,32,57,264,49.2,91.8,Active
2024-05-31,2024,ODI,Afghanistan,,Cape Town,11,11,100.0,1,0,0,0,273,265,11562,32,57,264,49.2,91.8,Active
2024-06-27,2024,ODI,Australia,,Cape Town,37,40,92.5,4,0,0,0,273,265,11562,32,57,264,49.2,91.8,Active
2024-07-23,2024,ODI,Bangladesh,,Delhi,6,6,100.0,0,0,0,0,273,265,11562,32,57,264,49.2,91.8,Active
2024-08-18,2024,ODI,Sri Lanka,,Dubai,5,5,100.0,0,0,0,0,273,265,11562,32,57,264,49.2,91.8,Active
2024-09-13,2024,ODI,South Africa,,Mumbai,57,62,91.94,7,1,1,0,273,265,11562,32,57,264,49.2,91.8,Active
2024-10-10,2024,ODI,West Indies,,Colombo,51,55,92.73,5,1,1,0,273,265,11562,32,57,264,49.2,91.8,Active
2024-11-05,2024,ODI,South Africa,,Bengaluru,7,7,100.0,0,0,0,0,273,265,11562,32,57,264,49.2,91.8,Active
2024-12-01,2024,ODI,Pakistan,,Melbourne,159,173,91.91,18,3,0,1,273,265,11562,32,57,264,49.2,91.8,Active
2024-12-28,2024,ODI,Bangladesh,,Melbourne,49,53,92.45,5,0,0,0,273,265,11562,32,57,264,49.2,91.8,Active
2025-01-23,2025,ODI,Zimbabwe,,Bengaluru,5,5,100.0,0,0,0,0,273,265,11562,32,57,264,49.2,91.8,Active
2025-02-18,2025,ODI,South Africa,,Bengaluru,56,61,91.8,6,0,1,0,273,265,11562,32,57,264,49.2,91.8,Active
2025-03-16,2025,ODI,New Zealand,,Dubai,12,13,92.31,1,0,0,0,273,265,11562,32,57,264,49.2,91.8,Active
2025-04-12,2025,ODI,South Africa,,Ahmedabad,53,57,92.98,4,0,1,0,273,265,11562,32,57,264,49.2,91.8,Active
2025-05-08,2025,ODI,South Africa,,Kolkata,10,10,100.0,1,0,0,0,273,265,11562,32,57,264,49.2,91.8,Active
2025-06-03,2025,ODI,Australia,,Ahmedabad,23,25,92.0,3,0,0,0,273,265,11562,32,57,264,49.2,91.8,Active
2025-06-30,2025,ODI,Bangladesh,,Delhi,80,87,91.95,10,1,1,0,273,265,11562,32,57,264,49.2,91.8,Active
2025-07-26,2025,ODI,Afghanistan,,Chennai,7,7,100.0,0,0,0,0,273,265,11562,32,57,264,49.2,91.8,Active
2025-08-21,2025,ODI,Sri Lanka,,Ahmedabad,3,3,100.0,0,0,0,0,273,265,11562,32,57,264,49.2,91.8,Active
2025-09-16,2025,ODI,Australia,,Bengaluru,76,82,92.68,10,0,1,0,273,265,11562,32,57,264,49.2,91.8,Active
2025-10-13,2025,ODI,Afghanistan,,Kolkata,12,13,92.31,1,0,0,0,273,265,11562,32,57,264,49.2,91.8,Active
2025-11-08,2025,ODI,Pakistan,,Colombo,29,31,93.55,3,0,0,0,273,265,11562,32,57,264,49.2,91.8,Active
2025-12-04,2025,ODI,West Indies,,Ahmedabad,117,127,92.13,10,2,0,1,273,265,11562,32,57,264,49.2,91.8,Active
2025-12-31,2025,ODI,Australia,,Ahmedabad,5,5,100.0,0,0,0,0,273,265,11562,32,57,264,49.2,91.8,Active
2007-01-01,2007,T20I,Pakistan,,Mumbai,9,9,100.0,1,0,0,0,159,151,4231,5,32,121,31.3,140.9,Retired (June 2024)
2007-02-13,2007,T20I,Zimbabwe,,Melbourne,9,9,100.0,0,0,0,0,159,151,4231,5,32,121,31.3,140.9,Retired (June 2024)
2007-03-29,2007,T20I,Sri Lanka,,Melbourne,19,19,100.0,2,0,0,0,159,151,4231,5,32,121,31.3,140.9,Retired (June 2024)
2007-05-12,2007,T20I,Australia,,Mumbai,2,2,100.0,0,0,0,0,159,151,4231,5,32,121,31.3,140.9,Retired (June 2024)
2007-06-25,2007,T20I,Australia,,Kolkata,2,2,100.0,0,0,0,0,159,151,4231,5,32,121,31.3,140.9,Retired (June 2024)
2007-08-08,2007,T20I,New Zealand,,Delhi,69,69,100.0,8,1,1,0,159,151,4231,5,32,121,31.3,140.9,Retired (June 2024)
2007-09-20,2007,T20I,Zimbabwe,,Sydney,49,49,100.0,5,1,0,0,159,151,4231,5,32,121,31.3,140.9,Retired (June 2024)
2007-11-03,2007,T20I,West Indies,,Cape Town,8,8,100.0,0,0,0,0,159,151,4231,5,32,121,31.3,140.9,Retired (June 2024)
2007-12-17,2007,T20I,Australia,,Cape Town,14,14,100.0,1,0,0,0,159,151,4231,5,32,121,31.3,140.9,Retired (June 2024)
2008-01-30,2008,T20I,South Africa,,Delhi,19,19,100.0,2,0,0,0,159,151,4231,5,32,121,31.3,140.9,Retired (June 2024)
2008-03-14,2008,T20I,West Indies,,Colombo,11,11,100.0,1,0,0,0,159,151,4231,5,32,121,31.3,140.9,Retired (June 2024)
2008-04-27,2008,T20I,Afghanistan,,Mumbai,76,76,100.0,10,1,1,0,159,151,4231,5,32,121,31.3,140.9,Retired (June 2024)
2008-06-09,2008,T20I,New Zealand,,Ahmedabad,72,72,100.0,9,1,1,0,159,151,4231,5,32,121,31.3,140.9,Retired (June 2024)
2008-07-23,2008,T20I,Pakistan,,Ahmedabad,27,27,100.0,3,0,0,0,159,151,4231,5,32,121,31.3,140.9,Retired (June 2024)
2008-09-05,2008,T20I,Sri Lanka,,Delhi,12,12,100.0,1,0,0,0,159,151,4231,5,32,121,31.3,140.9,Retired (June 2024)
2008-10-19,2008,T20I,Sri Lanka,,Kolkata,107,107,100.0,13,1,0,1,159,151,4231,5,32,121,31.3,140.9,Retired (June 2024)
2008-12-02,2008,T20I,Pakistan,,Cape Town,13,13,100.0,1,0,0,0,159,151,4231,5,32,121,31.3,140.9,Retired (June 2024)
2009-01-15,2009,T20I,Sri Lanka,,Dubai,6,6,100.0,0,0,0,0,159,151,4231,5,32,121,31.3,140.9,Retired (June 2024)
2009-02-27,2009,T20I,Sri Lanka,,Mumbai,25,25,100.0,3,0,0,0,159,151,4231,5,32,121,31.3,140.9,Retired (June 2024)
2009-04-12,2009,T20I,England,,Dubai,6,6,100.0,0,0,0,0,159,151,4231,5,32,121,31.3,140.9,Retired (June 2024)
2009-05-26,2009,T20I,West Indies,,Bengaluru,18,18,100.0,1,0,0,0,159,151,4231,5,32,121,31.3,140.9,Retired (June 2024)
2009-07-09,2009,T20I,England,,Bengaluru,20,20,100.0,2,0,0,0,159,151,4231,5,32,121,31.3,140.9,Retired (June 2024)
2009-08-22,2009,T20I,Afghanistan,,Colombo,2,2,100.0,0,0,0,0,159,151,4231,5,32,121,31.3,140.9,Retired (June 2024)
2009-10-05,2009,T20I,England,,Delhi,7,7,100.0,0,0,0,0,159,151,4231,5,32,121,31.3,140.9,Retired (June 2024)
2009-11-17,2009,T20I,New Zealand,,Kolkata,1,1,100.0,0,0,0,0,159,151,4231,5,32,121,31.3,140.9,Retired (June 2024)
2009-12-31,2009,T20I,Pakistan,,Colombo,13,13,100.0,1,0,0,0,159,151,4231,5,32,121,31.3,140.9,Retired (June 2024)
2010-02-13,2010,T20I,Afghanistan,,Kolkata,3,3,100.0,0,0,0,0,159,151,4231,5,32,121,31.3,140.9,Retired (June 2024)
2010-03-29,2010,T20I,Sri Lanka,,Bengaluru,46,46,100.0,4,0,0,0,159,151,4231,5,32,121,31.3,140.9,Retired (June 2024)
2010-05-12,2010,T20I,Zimbabwe,,London,7,7,100.0,0,0,0,0,159,151,4231,5,32,121,31.3,140.9,Retired (June 2024)
2010-06-24,2010,T20I,Zimbabwe,,Mumbai,95,95,100.0,12,1,1,0,159,151,4231,5,32,121,31.3,140.9,Retired (June 2024)
2010-08-07,2010,T20I,Zimbabwe,,Dubai,2,2,100.0,0,0,0,0,159,151,4231,5,32,121,31.3,140.9,Retired (June 2024)
2010-09-20,2010,T20I,Zimbabwe,,Cape Town,55,55,100.0,4,0,1,0,159,151,4231,5,32,121,31.3,140.9,Retired (June 2024)
2010-11-03,2010,T20I,South Africa,,Dubai,82,82,100.0,10,2,1,0,159,151,4231,5,32,121,31.3,140.9,Retired (June 2024)
2010-12-17,2010,T20I,Zimbabwe,,Melbourne,41,41,100.0,4,0,0,0,159,151,4231,5,32,121,31.3,140.9,Retired (June 2024)
2011-01-30,2011,T20I,Afghanistan,,Chennai,57,57,100.0,6,1,1,0,159,151,4231,5,32,121,31.3,140.9,Retired (June 2024)
2011-03-14,2011,T20I,New Zealand,,Dubai,15,15,100.0,1,0,0,0,159,151,4231,5,32,121,31.3,140.9,Retired (June 2024)
2011-04-27,2011,T20I,Sri Lanka,,Dubai,0,6,0.0,0,0,0,0,159,151,4231,5,32,121,31.3,140.9,Retired (June 2024)
2011-06-10,2011,T20I,Afghanistan,,Delhi,14,14,100.0,1,0,0,0,159,151,4231,5,32,121,31.3,140.9,Retired (June 2024)
2011-07-24,2011,T20I,New Zealand,,Kolkata,73,73,100.0,6,0,1,0,159,151,4231,5,32,121,31.3,140.9,Retired (June 2024)
2011-09-06,2011,T20I,Bangladesh,,Bengaluru,107,107,100.0,10,0,0,1,159,151,4231,5,32,121,31.3,140.9,Retired (June 2024)
2011-10-20,2011,T20I,New Zealand,,Chennai,7,7,100.0,0,0,0,0,159,151,4231,5,32,121,31.3,140.9,Retired (June 2024)
2011-12-02,2011,T20I,England,,Delhi,49,49,100.0,4,1,0,0,159,151,4231,5,32,121,31.3,140.9,Retired (June 2024)
2012-01-15,2012,T20I,Zimbabwe,,Melbourne,13,13,100.0,1,0,0,0,159,151,4231,5,32,121,31.3,140.9,Retired (June 2024)
2012-02-28,2012,T20I,England,,Colombo,2,2,100.0,0,0,0,0,159,151,4231,5,32,121,31.3,140.9,Retired (June 2024)
2012-04-12,2012,T20I,South Africa,,Chennai,25,25,100.0,3,0,0,0,159,151,4231,5,32,121,31.3,140.9,Retired (June 2024)
2012-05-26,2012,T20I,Australia,,Bengaluru,92,92,100.0,11,0,1,0,159,151,4231,5,32,121,31.3,140.9,Retired (June 2024)
2012-07-09,2012,T20I,Zimbabwe,,Melbourne,62,62,100.0,7,0,1,0,159,151,4231,5,32,121,31.3,140.9,Retired (June 2024)
2012-08-21,2012,T20I,Bangladesh,,Mumbai,76,76,100.0,9,0,1,0,159,151,4231,5,32,121,31.3,140.9,Retired (June 2024)
2012-10-04,2012,T20I,Afghanistan,,Bengaluru,9,9,100.0,0,0,0,0,159,151,4231,5,32,121,31.3,140.9,Retired (June 2024)
2012-11-17,2012,T20I,Sri Lanka,,Ahmedabad,75,75,100.0,9,0,1,0,159,151,4231,5,32,121,31.3,140.9,Retired (June 2024)
2012-12-31,2012,T20I,Sri Lanka,,Dubai,25,25,100.0,2,0,0,0,159,151,4231,5,32,121,31.3,140.9,Retired (June 2024)
2013-02-13,2013,T20I,Afghanistan,,Ahmedabad,3,3,100.0,0,0,0,0,159,151,4231,5,32,121,31.3,140.9,Retired (June 2024)
2013-03-28,2013,T20I,Bangladesh,,Bengaluru,34,34,100.0,3,0,0,0,159,151,4231,5,32,121,31.3,140.9,Retired (June 2024)
2013-05-11,2013,T20I,West Indies,,Chennai,115,115,100.0,13,1,0,1,159,151,4231,5,32,121,31.3,140.9,Retired (June 2024)
2013-06-24,2013,T20I,Afghanistan,,Cape Town,49,49,100.0,5,0,0,0,159,151,4231,5,32,121,31.3,140.9,Retired (June 2024)
2013-08-07,2013,T20I,Bangladesh,,Kolkata,4,4,100.0,0,0,0,0,159,151,4231,5,32,121,31.3,140.9,Retired (June 2024)
2013-09-20,2013,T20I,England,,Mumbai,15,15,100.0,1,0,0,0,159,151,4231,5,32,121,31.3,140.9,Retired (June 2024)
2013-11-03,2013,T20I,New Zealand,,Ahmedabad,75,75,100.0,6,1,1,0,159,151,4231,5,32,121,31.3,140.9,Retired (June 2024)
2013-12-16,2013,T20I,Afghanistan,,Chennai,80,80,100.0,9,1,1,0,159,151,4231,5,32,121,31.3,140.9,Retired (June 2024)
2014-01-29,2014,T20I,Pakistan,,Sydney,12,12,100.0,1,0,0,0,159,151,4231,5,32,121,31.3,140.9,Retired (June 2024)
2014-03-14,2014,T20I,South Africa,,Delhi,1,1,100.0,0,0,0,0,159,151,4231,5,32,121,31.3,140.9,Retired (June 2024)
2014-04-27,2014,T20I,Zimbabwe,,Melbourne,3,3,100.0,0,0,0,0,159,151,4231,5,32,121,31.3,140.9,Retired (June 2024)
2014-06-10,2014,T20I,Afghanistan,,Kolkata,37,37,100.0,4,0,0,0,159,151,4231,5,32,121,31.3,140.9,Retired (June 2024)
2014-07-24,2014,T20I,Afghanistan,,Dubai,1,1,100.0,0,0,0,0,159,151,4231,5,32,121,31.3,140.9,Retired (June 2024)
2014-09-05,2014,T20I,England,,Ahmedabad,37,37,100.0,4,0,0,0,159,151,4231,5,32,121,31.3,140.9,Retired (June 2024)
2014-10-19,2014,T20I,Sri Lanka,,Melbourne,91,91,100.0,10,0,1,0,159,151,4231,5,32,121,31.3,140.9,Retired (June 2024)
2014-12-02,2014,T20I,West Indies,,Melbourne,12,12,100.0,1,0,0,0,159,151,4231,5,32,121,31.3,140.9,Retired (June 2024)
2015-01-15,2015,T20I,Zimbabwe,,Bengaluru,23,23,100.0,2,0,0,0,159,151,4231,5,32,121,31.3,140.9,Retired (June 2024)
2015-02-28,2015,T20I,Zimbabwe,,Cape Town,49,49,100.0,6,0,0,0,159,151,4231,5,32,121,31.3,140.9,Retired (June 2024)
2015-04-13,2015,T20I,Bangladesh,,Sydney,41,41,100.0,5,0,0,0,159,151,4231,5,32,121,31.3,140.9,Retired (June 2024)
2015-05-26,2015,T20I,Bangladesh,,Ahmedabad,112,112,100.0,13,1,0,1,159,151,4231,5,32,121,31.3,140.9,Retired (June 2024)
2015-07-09,2015,T20I,Australia,,Ahmedabad,66,66,100.0,5,1,1,0,159,151,4231,5,32,121,31.3,140.9,Retired (June 2024)
2015-08-22,2015,T20I,Pakistan,,Cape Town,1,1,100.0,0,0,0,0,159,151,4231,5,32,121,31.3,140.9,Retired (June 2024)
2015-10-05,2015,T20I,England,,London,22,22,100.0,2,0,0,0,159,151,4231,5,32,121,31.3,140.9,Retired (June 2024)
2015-11-18,2015,T20I,Pakistan,,Chennai,0,11,0.0,0,0,0,0,159,151,4231,5,32,121,31.3,140.9,Retired (June 2024)
2016-01-01,2016,T20I,South Africa,,Sydney,85,85,100.0,8,0,1,0,159,151,4231,5,32,121,31.3,140.9,Retired (June 2024)
2016-02-13,2016,T20I,Pakistan,,Sydney,16,16,100.0,1,0,0,0,159,151,4231,5,32,121,31.3,140.9,Retired (June 2024)
2016-03-28,2016,T20I,Sri Lanka,,Sydney,88,88,100.0,9,1,1,0,159,151,4231,5,32,121,31.3,140.9,Retired (June 2024)
2016-05-11,2016,T20I,New Zealand,,Cape Town,4,4,100.0,0,0,0,0,159,151,4231,5,32,121,31.3,140.9,Retired (June 2024)
2016-06-24,2016,T20I,West Indies,,Delhi,13,13,100.0,1,0,0,0,159,151,4231,5,32,121,31.3,140.9,Retired (June 2024)
2016-08-07,2016,T20I,Sri Lanka,,Bengaluru,49,49,100.0,4,1,0,0,159,151,4231,5,32,121,31.3,140.9,Retired (June 2024)
2016-09-19,2016,T20I,Australia,,Dubai,10,10,100.0,1,0,0,0,159,151,4231,5,32,121,31.3,140.9,Retired (June 2024)
2016-11-02,2016,T20I,Australia,,London,114,114,100.0,10,1,0,1,159,151,4231,5,32,121,31.3,140.9,Retired (June 2024)
2016-12-16,2016,T20I,Pakistan,,Chennai,1,1,100.0,0,0,0,0,159,151,4231,5,32,121,31.3,140.9,Retired (June 2024)
2017-01-29,2017,T20I,Bangladesh,,Melbourne,20,20,100.0,2,0,0,0,159,151,4231,5,32,121,31.3,140.9,Retired (June 2024)
2017-03-14,2017,T20I,Australia,,Kolkata,49,49,100.0,5,0,0,0,159,151,4231,5,32,121,31.3,140.9,Retired (June 2024)
2017-04-27,2017,T20I,Afghanistan,,Kolkata,66,66,100.0,7,0,1,0,159,151,4231,5,32,121,31.3,140.9,Retired (June 2024)
2017-06-09,2017,T20I,South Africa,,Melbourne,56,56,100.0,6,0,1,0,159,151,4231,5,32,121,31.3,140.9,Retired (June 2024)
2017-07-23,2017,T20I,Bangladesh,,Chennai,1,1,100.0,0,0,0,0,159,151,4231,5,32,121,31.3,140.9,Retired (June 2024)
2017-09-05,2017,T20I,England,,Sydney,49,49,100.0,4,0,0,0,159,151,4231,5,32,121,31.3,140.9,Retired (June 2024)
2017-10-19,2017,T20I,Bangladesh,,Colombo,39,39,100.0,3,0,0,0,159,151,4231,5,32,121,31.3,140.9,Retired (June 2024)
2017-12-02,2017,T20I,West Indies,,Sydney,39,39,100.0,4,0,0,0,159,151,4231,5,32,121,31.3,140.9,Retired (June 2024)
2018-01-15,2018,T20I,England,,Cape Town,63,63,100.0,8,0,1,0,159,151,4231,5,32,121,31.3,140.9,Retired (June 2024)
2018-02-27,2018,T20I,Bangladesh,,London,31,31,100.0,4,0,0,0,159,151,4231,5,32,121,31.3,140.9,Retired (June 2024)
2018-04-12,2018,T20I,Pakistan,,Dubai,91,91,100.0,11,1,1,0,159,151,4231,5,32,121,31.3,140.9,Retired (June 2024)
2018-05-26,2018,T20I,New Zealand,,Sydney,6,6,100.0,0,0,0,0,159,151,4231,5,32,121,31.3,140.9,Retired (June 2024)
2018-07-09,2018,T20I,Afghanistan,,Sydney,11,11,100.0,1,0,0,0,159,151,4231,5,32,121,31.3,140.9,Retired (June 2024)
2018-08-22,2018,T20I,Australia,,Melbourne,27,27,100.0,3,0,0,0,159,151,4231,5,32,121,31.3,140.9,Retired (June 2024)
2018-10-05,2018,T20I,South Africa,,Mumbai,2,2,100.0,0,0,0,0,159,151,4231,5,32,121,31.3,140.9,Retired (June 2024)
2018-11-17,2018,T20I,West Indies,,Melbourne,5,5,100.0,0,0,0,0,159,151,4231,5,32,121,31.3,140.9,Retired (June 2024)
2018-12-31,2018,T20I,West Indies,,Mumbai,86,86,100.0,11,1,1,0,159,151,4231,5,32,121,31.3,140.9,Retired (June 2024)
2019-02-13,2019,T20I,Pakistan,,Ahmedabad,76,76,100.0,6,1,1,0,159,151,4231,5,32,121,31.3,140.9,Retired (June 2024)
2019-03-29,2019,T20I,Zimbabwe,,Mumbai,5,5,100.0,0,0,0,0,159,151,4231,5,32,121,31.3,140.9,Retired (June 2024)
2019-05-12,2019,T20I,New Zealand,,London,24,24,100.0,2,0,0,0,159,151,4231,5,32,121,31.3,140.9,Retired (June 2024)
2019-06-24,2019,T20I,Afghanistan,,Cape Town,13,13,100.0,1,0,0,0,159,151,4231,5,32,121,31.3,140.9,Retired (June 2024)
2019-08-07,2019,T20I,Bangladesh,,Cape Town,7,7,100.0,0,0,0,0,159,151,4231,5,32,121,31.3,140.9,Retired (June 2024)
2019-09-20,2019,T20I,West Indies,,Ahmedabad,29,29,100.0,3,0,0,0,159,151,4231,5,32,121,31.3,140.9,Retired (June 2024)
2019-11-03,2019,T20I,Afghanistan,,Chennai,9,9,100.0,1,0,0,0,159,151,4231,5,32,121,31.3,140.9,Retired (June 2024)
2019-12-17,2019,T20I,Pakistan,,Cape Town,36,36,100.0,4,0,0,0,159,151,4231,5,32,121,31.3,140.9,Retired (June 2024)
2020-01-30,2020,T20I,Australia,,Bengaluru,5,5,100.0,0,0,0,0,159,151,4231,5,32,121,31.3,140.9,Retired (June 2024)
2020-03-13,2020,T20I,Zimbabwe,,Mumbai,32,32,100.0,2,0,0,0,159,151,4231,5,32,121,31.3,140.9,Retired (June 2024)
2020-04-26,2020,T20I,Afghanistan,,Mumbai,81,81,100.0,8,1,1,0,159,151,4231,5,32,121,31.3,140.9,Retired (June 2024)
2020-06-09,2020,T20I,West Indies,,Kolkata,23,23,100.0,2,0,0,0,159,151,4231,5,32,121,31.3,140.9,Retired (June 2024)
2020-07-23,2020,T20I,New Zealand,,Mumbai,80,80,100.0,8,1,1,0,159,151,4231,5,32,121,31.3,140.9,Retired (June 2024)
2020-09-05,2020,T20I,Zimbabwe,,Kolkata,2,2,100.0,0,0,0,0,159,151,4231,5,32,121,31.3,140.9,Retired (June 2024)
2020-10-19,2020,T20I,Bangladesh,,Colombo,16,16,100.0,1,0,0,0,159,151,4231,5,32,121,31.3,140.9,Retired (June 2024)
2020-12-01,2020,T20I,Sri Lanka,,Kolkata,34,34,100.0,3,0,0,0,159,151,4231,5,32,121,31.3,140.9,Retired (June 2024)
2021-01-14,2021,T20I,South Africa,,Mumbai,66,66,100.0,6,0,1,0,159,151,4231,5,32,121,31.3,140.9,Retired (June 2024)
2021-02-27,2021,T20I,Bangladesh,,London,26,26,100.0,2,0,0,0,159,151,4231,5,32,121,31.3,140.9,Retired (June 2024)
2021-04-12,2021,T20I,England,,Ahmedabad,8,8,100.0,0,0,0,0,159,151,4231,5,32,121,31.3,140.9,Retired (June 2024)
2021-05-26,2021,T20I,New Zealand,,Colombo,1,1,100.0,0,0,0,0,159,151,4231,5,32,121,31.3,140.9,Retired (June 2024)
2021-07-09,2021,T20I,West Indies,,Delhi,49,49,100.0,4,0,0,0,159,151,4231,5,32,121,31.3,140.9,Retired (June 2024)
2021-08-21,2021,T20I,Zimbabwe,,Cape Town,5,5,100.0,0,0,0,0,159,151,4231,5,32,121,31.3,140.9,Retired (June 2024)
2021-10-04,2021,T20I,Australia,,Delhi,15,15,100.0,1,0,0,0,159,151,4231,5,32,121,31.3,140.9,Retired (June 2024)
2021-11-17,2021,T20I,Bangladesh,,Sydney,9,9,100.0,1,0,0,0,159,151,4231,5,32,121,31.3,140.9,Retired (June 2024)
2021-12-31,2021,T20I,Sri Lanka,,Mumbai,85,85,100.0,9,1,1,0,159,151,4231,5,32,121,31.3,140.9,Retired (June 2024)
2022-02-13,2022,T20I,Sri Lanka,,Ahmedabad,85,85,100.0,9,1,1,0,159,151,4231,5,32,121,31.3,140.9,Retired (June 2024)
2022-03-28,2022,T20I,Afghanistan,,Mumbai,29,29,100.0,3,0,0,0,159,151,4231,5,32,121,31.3,140.9,Retired (June 2024)
2022-05-11,2022,T20I,Pakistan,,London,9,9,100.0,0,0,0,0,159,151,4231,5,32,121,31.3,140.9,Retired (June 2024)
2022-06-24,2022,T20I,Bangladesh,,Mumbai,7,7,100.0,0,0,0,0,159,151,4231,5,32,121,31.3,140.9,Retired (June 2024)
2022-08-07,2022,T20I,Sri Lanka,,Colombo,31,31,100.0,3,0,0,0,159,151,4231,5,32,121,31.3,140.9,Retired (June 2024)
2022-09-20,2022,T20I,Bangladesh,,Melbourne,2,2,100.0,0,0,0,0,159,151,4231,5,32,121,31.3,140.9,Retired (June 2024)
2022-11-03,2022,T20I,England,,Ahmedabad,17,17,100.0,2,0,0,0,159,151,4231,5,32,121,31.3,140.9,Retired (June 2024)
2022-12-16,2022,T20I,Australia,,Sydney,31,31,100.0,3,0,0,0,159,151,4231,5,32,121,31.3,140.9,Retired (June 2024)
2023-01-29,2023,T20I,England,,Melbourne,21,21,100.0,2,0,0,0,159,151,4231,5,32,121,31.3,140.9,Retired (June 2024)
2023-03-14,2023,T20I,Australia,,Bengaluru,14,14,100.0,1,0,0,0,159,151,4231,5,32,121,31.3,140.9,Retired (June 2024)
2023-04-27,2023,T20I,Zimbabwe,,Kolkata,38,38,100.0,3,0,0,0,159,151,4231,5,32,121,31.3,140.9,Retired (June 2024)
2023-06-10,2023,T20I,Bangladesh,,Colombo,0,6,0.0,0,0,0,0,159,151,4231,5,32,121,31.3,140.9,Retired (June 2024)
2023-07-24,2023,T20I,Australia,,Sydney,25,25,100.0,2,0,0,0,159,151,4231,5,32,121,31.3,140.9,Retired (June 2024)
2023-09-05,2023,T20I,Australia,,Colombo,49,49,100.0,4,0,0,0,159,151,4231,5,32,121,31.3,140.9,Retired (June 2024)
2023-10-19,2023,T20I,England,,London,37,37,100.0,4,0,0,0,159,151,4231,5,32,121,31.3,140.9,Retired (June 2024)
2023-12-02,2023,T20I,Zimbabwe,,Delhi,2,2,100.0,0,0,0,0,159,151,4231,5,32,121,31.3,140.9,Retired (June 2024)
2024-01-15,2024,T20I,West Indies,,Delhi,3,3,100.0,0,0,0,0,159,151,4231,5,32,121,31.3,140.9,Retired (June 2024)
2024-02-28,2024,T20I,New Zealand,,Mumbai,80,80,100.0,8,1,1,0,159,151,4231,5,32,121,31.3,140.9,Retired (June 2024)
2024-04-12,2024,T20I,Australia,,Delhi,10,10,100.0,1,0,0,0,159,151,4231,5,32,121,31.3,140.9,Retired (June 2024)
2024-05-25,2024,T20I,Australia,,Sydney,10,10,100.0,1,0,0,0,159,151,4231,5,32,121,31.3,140.9,Retired (June 2024)
2024-07-08,2024,T20I,West Indies,,Delhi,9,9,100.0,0,0,0,0,159,151,4231,5,32,121,31.3,140.9,Retired (June 2024)
2024-08-21,2024,T20I,New Zealand,,London,4,4,100.0,0,0,0,0,159,151,4231,5,32,121,31.3,140.9,Retired (June 2024)
2024-10-04,2024,T20I,South Africa,,Melbourne,52,52,100.0,6,1,1,0,159,151,4231,5,32,121,31.3,140.9,Retired (June 2024)
2024-11-17,2024,T20I,Sri Lanka,,Melbourne,75,75,100.0,8,1,1,0,159,151,4231,5,32,121,31.3,140.9,Retired (June 2024)
2024-12-31,2024,T20I,New Zealand,,Cape Town,8,8,100.0,0,0,0,0,159,151,4231,5,32,121,31.3,140.9,Retired (June 2024)
2008-01-01,2008,IPL,,Rajasthan Royals,Wankhede Stadium Mumbai,4,4,100.0,0,0,0,0,261,257,7368,2,49,109,29.7,130.0,Active
2008-01-26,2008,IPL,,Delhi Capitals,Eden Gardens Kolkata,12,12,100.0,1,0,0,0,261,257,7368,2,49,109,29.7,130.0,Active
2008-02-21,2008,IPL,,Chennai Super Kings,Chepauk Chennai,2,2,100.0,0,0,0,0,261,257,7368,2,49,109,29.7,130.0,Active
2008-03-18,2008,IPL,,Sunrisers Hyderabad,Eden Gardens Kolkata,15,15,100.0,1,0,0,0,261,257,7368,2,49,109,29.7,130.0,Active
2008-04-12,2008,IPL,,Delhi Capitals,Narendra Modi Ahmedabad,71,71,100.0,7,0,1,0,261,257,7368,2,49,109,29.7,130.0,Active
2008-05-08,2008,IPL,,Gujarat Titans,Wankhede Stadium Mumbai,49,49,100.0,5,0,0,0,261,257,7368,2,49,109,29.7,130.0,Active
2008-06-03,2008,IPL,,Sunrisers Hyderabad,Wankhede Stadium Mumbai,23,23,100.0,3,0,0,0,261,257,7368,2,49,109,29.7,130.0,Active
2008-06-28,2008,IPL,,Sunrisers Hyderabad,Arun Jaitley Delhi,73,73,100.0,6,0,1,0,261,257,7368,2,49,109,29.7,130.0,Active
2008-07-24,2008,IPL,,Chennai Super Kings,Narendra Modi Ahmedabad,68,68,100.0,9,1,1,0,261,257,7368,2,49,109,29.7,130.0,Active
2008-08-19,2008,IPL,,Kolkata Knight Riders,Chinnaswamy Bengaluru,10,10,100.0,0,0,0,0,261,257,7368,2,49,109,29.7,130.0,Active
2008-09-13,2008,IPL,,Delhi Capitals,Chepauk Chennai,47,47,100.0,4,0,0,0,261,257,7368,2,49,109,29.7,130.0,Active
2008-10-09,2008,IPL,,Kolkata Knight Riders,Chinnaswamy Bengaluru,32,32,100.0,3,0,0,0,261,257,7368,2,49,109,29.7,130.0,Active
2008-11-04,2008,IPL,,Royal Challengers Bengaluru,Wankhede Stadium Mumbai,4,4,100.0,0,0,0,0,261,257,7368,2,49,109,29.7,130.0,Active
2008-11-29,2008,IPL,,Chennai Super Kings,Arun Jaitley Delhi,3,3,100.0,0,0,0,0,261,257,7368,2,49,109,29.7,130.0,Active
2008-12-25,2008,IPL,,Sunrisers Hyderabad,Chinnaswamy Bengaluru,46,46,100.0,5,0,0,0,261,257,7368,2,49,109,29.7,130.0,Active
2009-01-20,2009,IPL,,Chennai Super Kings,Eden Gardens Kolkata,8,8,100.0,0,0,0,0,261,257,7368,2,49,109,29.7,130.0,Active
2009-02-14,2009,IPL,,Gujarat Titans,Eden Gardens Kolkata,15,15,100.0,2,0,0,0,261,257,7368,2,49,109,29.7,130.0,Active
2009-03-12,2009,IPL,,Kolkata Knight Riders,Wankhede Stadium Mumbai,11,11,100.0,1,0,0,0,261,257,7368,2,49,109,29.7,130.0,Active
2009-04-07,2009,IPL,,Rajasthan Royals,Chinnaswamy Bengaluru,49,49,100.0,6,0,0,0,261,257,7368,2,49,109,29.7,130.0,Active
2009-05-02,2009,IPL,,Royal Challengers Bengaluru,Eden Gardens Kolkata,9,9,100.0,0,0,0,0,261,257,7368,2,49,109,29.7,130.0,Active
2009-05-28,2009,IPL,,Chennai Super Kings,Wankhede Stadium Mumbai,74,74,100.0,7,1,1,0,261,257,7368,2,49,109,29.7,130.0,Active
2009-06-23,2009,IPL,,Gujarat Titans,Chepauk Chennai,62,62,100.0,6,1,1,0,261,257,7368,2,49,109,29.7,130.0,Active
2009-07-18,2009,IPL,,Gujarat Titans,Chepauk Chennai,2,2,100.0,0,0,0,0,261,257,7368,2,49,109,29.7,130.0,Active
2009-08-13,2009,IPL,,Chennai Super Kings,Chinnaswamy Bengaluru,58,58,100.0,7,0,1,0,261,257,7368,2,49,109,29.7,130.0,Active
2009-09-08,2009,IPL,,Kolkata Knight Riders,Eden Gardens Kolkata,3,3,100.0,0,0,0,0,261,257,7368,2,49,109,29.7,130.0,Active
2009-10-03,2009,IPL,,Kolkata Knight Riders,Chepauk Chennai,2,2,100.0,0,0,0,0,261,257,7368,2,49,109,29.7,130.0,Active
2009-10-29,2009,IPL,,Kolkata Knight Riders,Wankhede Stadium Mumbai,8,8,100.0,0,0,0,0,261,257,7368,2,49,109,29.7,130.0,Active
2009-11-24,2009,IPL,,Kolkata Knight Riders,Narendra Modi Ahmedabad,7,7,100.0,0,0,0,0,261,257,7368,2,49,109,29.7,130.0,Active
2009-12-20,2009,IPL,,Rajasthan Royals,Arun Jaitley Delhi,6,6,100.0,0,0,0,0,261,257,7368,2,49,109,29.7,130.0,Active
2010-01-14,2010,IPL,,Gujarat Titans,Chepauk Chennai,20,20,100.0,1,0,0,0,261,257,7368,2,49,109,29.7,130.0,Active
2010-02-09,2010,IPL,,Kolkata Knight Riders,Narendra Modi Ahmedabad,9,9,100.0,0,0,0,0,261,257,7368,2,49,109,29.7,130.0,Active
2010-03-07,2010,IPL,,Rajasthan Royals,Wankhede Stadium Mumbai,13,13,100.0,1,0,0,0,261,257,7368,2,49,109,29.7,130.0,Active
2010-04-01,2010,IPL,,Kolkata Knight Riders,Chepauk Chennai,1,1,100.0,0,0,0,0,261,257,7368,2,49,109,29.7,130.0,Active
2010-04-27,2010,IPL,,Royal Challengers Bengaluru,Chinnaswamy Bengaluru,3,3,100.0,0,0,0,0,261,257,7368,2,49,109,29.7,130.0,Active
2010-05-23,2010,IPL,,Lucknow Super Giants,Chepauk Chennai,12,12,100.0,1,0,0,0,261,257,7368,2,49,109,29.7,130.0,Active
2010-06-17,2010,IPL,,Delhi Capitals,Eden Gardens Kolkata,38,38,100.0,3,0,0,0,261,257,7368,2,49,109,29.7,130.0,Active
2010-07-13,2010,IPL,,Lucknow Super Giants,Narendra Modi Ahmedabad,14,14,100.0,1,0,0,0,261,257,7368,2,49,109,29.7,130.0,Active
2010-08-08,2010,IPL,,Royal Challengers Bengaluru,Chinnaswamy Bengaluru,85,85,100.0,8,1,1,0,261,257,7368,2,49,109,29.7,130.0,Active
2010-09-02,2010,IPL,,Sunrisers Hyderabad,Eden Gardens Kolkata,0,14,0.0,0,0,0,0,261,257,7368,2,49,109,29.7,130.0,Active
2010-09-28,2010,IPL,,Rajasthan Royals,Chepauk Chennai,11,11,100.0,1,0,0,0,261,257,7368,2,49,109,29.7,130.0,Active
2010-10-24,2010,IPL,,Delhi Capitals,Wankhede Stadium Mumbai,16,16,100.0,1,0,0,0,261,257,7368,2,49,109,29.7,130.0,Active
2010-11-18,2010,IPL,,Delhi Capitals,Chinnaswamy Bengaluru,5,5,100.0,0,0,0,0,261,257,7368,2,49,109,29.7,130.0,Active
2010-12-14,2010,IPL,,Gujarat Titans,Narendra Modi Ahmedabad,10,10,100.0,1,0,0,0,261,257,7368,2,49,109,29.7,130.0,Active
2011-01-09,2011,IPL,,Chennai Super Kings,Chepauk Chennai,38,38,100.0,4,0,0,0,261,257,7368,2,49,109,29.7,130.0,Active
2011-02-03,2011,IPL,,Punjab Kings,Chepauk Chennai,74,74,100.0,10,1,1,0,261,257,7368,2,49,109,29.7,130.0,Active
2011-03-01,2011,IPL,,Delhi Capitals,Eden Gardens Kolkata,2,2,100.0,0,0,0,0,261,257,7368,2,49,109,29.7,130.0,Active
2011-03-27,2011,IPL,,Rajasthan Royals,Narendra Modi Ahmedabad,1,1,100.0,0,0,0,0,261,257,7368,2,49,109,29.7,130.0,Active
2011-04-21,2011,IPL,,Kolkata Knight Riders,Narendra Modi Ahmedabad,0,8,0.0,0,0,0,0,261,257,7368,2,49,109,29.7,130.0,Active
2011-05-17,2011,IPL,,Punjab Kings,Arun Jaitley Delhi,1,1,100.0,0,0,0,0,261,257,7368,2,49,109,29.7,130.0,Active
2011-06-12,2011,IPL,,Chennai Super Kings,Eden Gardens Kolkata,7,7,100.0,0,0,0,0,261,257,7368,2,49,109,29.7,130.0,Active
2011-07-07,2011,IPL,,Sunrisers Hyderabad,Wankhede Stadium Mumbai,49,49,100.0,5,0,0,0,261,257,7368,2,49,109,29.7,130.0,Active
2011-08-02,2011,IPL,,Lucknow Super Giants,Chepauk Chennai,0,9,0.0,0,0,0,0,261,257,7368,2,49,109,29.7,130.0,Active
2011-08-28,2011,IPL,,Rajasthan Royals,Eden Gardens Kolkata,56,56,100.0,7,1,1,0,261,257,7368,2,49,109,29.7,130.0,Active
2011-09-23,2011,IPL,,Sunrisers Hyderabad,Narendra Modi Ahmedabad,28,28,100.0,2,0,0,0,261,257,7368,2,49,109,29.7,130.0,Active
2011-10-18,2011,IPL,,Sunrisers Hyderabad,Wankhede Stadium Mumbai,6,6,100.0,0,0,0,0,261,257,7368,2,49,109,29.7,130.0,Active
2011-11-13,2011,IPL,,Lucknow Super Giants,Arun Jaitley Delhi,29,29,100.0,3,0,0,0,261,257,7368,2,49,109,29.7,130.0,Active
2011-12-09,2011,IPL,,Royal Challengers Bengaluru,Arun Jaitley Delhi,6,6,100.0,0,0,0,0,261,257,7368,2,49,109,29.7,130.0,Active
2012-01-03,2012,IPL,,Gujarat Titans,Arun Jaitley Delhi,11,11,100.0,1,0,0,0,261,257,7368,2,49,109,29.7,130.0,Active
2012-01-29,2012,IPL,,Kolkata Knight Riders,Narendra Modi Ahmedabad,0,14,0.0,0,0,0,0,261,257,7368,2,49,109,29.7,130.0,Active
2012-02-24,2012,IPL,,Chennai Super Kings,Chinnaswamy Bengaluru,14,14,100.0,1,0,0,0,261,257,7368,2,49,109,29.7,130.0,Active
2012-03-20,2012,IPL,,Gujarat Titans,Narendra Modi Ahmedabad,14,14,100.0,1,0,0,0,261,257,7368,2,49,109,29.7,130.0,Active
2012-04-15,2012,IPL,,Gujarat Titans,Narendra Modi Ahmedabad,65,65,100.0,6,0,1,0,261,257,7368,2,49,109,29.7,130.0,Active
2012-05-11,2012,IPL,,Kolkata Knight Riders,Chepauk Chennai,61,61,100.0,6,0,1,0,261,257,7368,2,49,109,29.7,130.0,Active
2012-06-05,2012,IPL,,Delhi Capitals,Eden Gardens Kolkata,8,8,100.0,1,0,0,0,261,257,7368,2,49,109,29.7,130.0,Active
2012-07-01,2012,IPL,,Delhi Capitals,Narendra Modi Ahmedabad,11,11,100.0,1,0,0,0,261,257,7368,2,49,109,29.7,130.0,Active
2012-07-27,2012,IPL,,Delhi Capitals,Arun Jaitley Delhi,15,15,100.0,1,0,0,0,261,257,7368,2,49,109,29.7,130.0,Active
2012-08-21,2012,IPL,,Punjab Kings,Chinnaswamy Bengaluru,15,15,100.0,1,0,0,0,261,257,7368,2,49,109,29.7,130.0,Active
2012-09-16,2012,IPL,,Sunrisers Hyderabad,Chepauk Chennai,12,12,100.0,1,0,0,0,261,257,7368,2,49,109,29.7,130.0,Active
2012-10-12,2012,IPL,,Rajasthan Royals,Chinnaswamy Bengaluru,17,17,100.0,1,0,0,0,261,257,7368,2,49,109,29.7,130.0,Active
2012-11-06,2012,IPL,,Royal Challengers Bengaluru,Chepauk Chennai,41,41,100.0,5,0,0,0,261,257,7368,2,49,109,29.7,130.0,Active
2012-12-02,2012,IPL,,Chennai Super Kings,Wankhede Stadium Mumbai,2,2,100.0,0,0,0,0,261,257,7368,2,49,109,29.7,130.0,Active
2012-12-28,2012,IPL,,Punjab Kings,Eden Gardens Kolkata,4,4,100.0,0,0,0,0,261,257,7368,2,49,109,29.7,130.0,Active
2013-01-22,2013,IPL,,Kolkata Knight Riders,Eden Gardens Kolkata,42,42,100.0,4,0,0,0,261,257,7368,2,49,109,29.7,130.0,Active
2013-02-17,2013,IPL,,Punjab Kings,Wankhede Stadium Mumbai,86,86,100.0,8,1,1,0,261,257,7368,2,49,109,29.7,130.0,Active
2013-03-15,2013,IPL,,Chennai Super Kings,Chinnaswamy Bengaluru,0,14,0.0,0,0,0,0,261,257,7368,2,49,109,29.7,130.0,Active
2013-04-09,2013,IPL,,Gujarat Titans,Wankhede Stadium Mumbai,1,1,100.0,0,0,0,0,261,257,7368,2,49,109,29.7,130.0,Active
2013-05-05,2013,IPL,,Delhi Capitals,Wankhede Stadium Mumbai,0,11,0.0,0,0,0,0,261,257,7368,2,49,109,29.7,130.0,Active
2013-05-31,2013,IPL,,Chennai Super Kings,Eden Gardens Kolkata,38,38,100.0,3,0,0,0,261,257,7368,2,49,109,29.7,130.0,Active
2013-06-26,2013,IPL,,Kolkata Knight Riders,Narendra Modi Ahmedabad,1,1,100.0,0,0,0,0,261,257,7368,2,49,109,29.7,130.0,Active
2013-07-21,2013,IPL,,Royal Challengers Bengaluru,Eden Gardens Kolkata,82,82,100.0,10,1,1,0,261,257,7368,2,49,109,29.7,130.0,Active
2013-08-16,2013,IPL,,Lucknow Super Giants,Chinnaswamy Bengaluru,77,77,100.0,9,1,1,0,261,257,7368,2,49,109,29.7,130.0,Active
2013-09-11,2013,IPL,,Royal Challengers Bengaluru,Narendra Modi Ahmedabad,0,14,0.0,0,0,0,0,261,257,7368,2,49,109,29.7,130.0,Active
2013-10-06,2013,IPL,,Sunrisers Hyderabad,Chinnaswamy Bengaluru,0,4,0.0,0,0,0,0,261,257,7368,2,49,109,29.7,130.0,Active
2013-11-01,2013,IPL,,Chennai Super Kings,Arun Jaitley Delhi,21,21,100.0,2,0,0,0,261,257,7368,2,49,109,29.7,130.0,Active
2013-11-27,2013,IPL,,Gujarat Titans,Wankhede Stadium Mumbai,9,9,100.0,0,0,0,0,261,257,7368,2,49,109,29.7,130.0,Active
2013-12-22,2013,IPL,,Kolkata Knight Riders,Wankhede Stadium Mumbai,36,36,100.0,3,0,0,0,261,257,7368,2,49,109,29.7,130.0,Active
2014-01-17,2014,IPL,,Lucknow Super Giants,Eden Gardens Kolkata,75,75,100.0,7,0,1,0,261,257,7368,2,49,109,29.7,130.0,Active
2014-02-12,2014,IPL,,Royal Challengers Bengaluru,Chinnaswamy Bengaluru,80,80,100.0,10,1,1,0,261,257,7368,2,49,109,29.7,130.0,Active
2014-03-09,2014,IPL,,Chennai Super Kings,Narendra Modi Ahmedabad,16,16,100.0,1,0,0,0,261,257,7368,2,49,109,29.7,130.0,Active
2014-04-04,2014,IPL,,Punjab Kings,Arun Jaitley Delhi,0,2,0.0,0,0,0,0,261,257,7368,2,49,109,29.7,130.0,Active
2014-04-30,2014,IPL,,Punjab Kings,Wankhede Stadium Mumbai,84,84,100.0,7,1,1,0,261,257,7368,2,49,109,29.7,130.0,Active
2014-05-25,2014,IPL,,Gujarat Titans,Narendra Modi Ahmedabad,31,31,100.0,4,0,0,0,261,257,7368,2,49,109,29.7,130.0,Active
2014-06-20,2014,IPL,,Sunrisers Hyderabad,Chinnaswamy Bengaluru,1,1,100.0,0,0,0,0,261,257,7368,2,49,109,29.7,130.0,Active
2014-07-16,2014,IPL,,Gujarat Titans,Arun Jaitley Delhi,26,26,100.0,3,0,0,0,261,257,7368,2,49,109,29.7,130.0,Active
2014-08-10,2014,IPL,,Delhi Capitals,Wankhede Stadium Mumbai,49,49,100.0,4,0,0,0,261,257,7368,2,49,109,29.7,130.0,Active
2014-09-05,2014,IPL,,Royal Challengers Bengaluru,Narendra Modi Ahmedabad,3,3,100.0,0,0,0,0,261,257,7368,2,49,109,29.7,130.0,Active
2014-10-01,2014,IPL,,Delhi Capitals,Narendra Modi Ahmedabad,2,2,100.0,0,0,0,0,261,257,7368,2,49,109,29.7,130.0,Active
2014-10-26,2014,IPL,,Gujarat Titans,Chinnaswamy Bengaluru,11,11,100.0,1,0,0,0,261,257,7368,2,49,109,29.7,130.0,Active
2014-11-21,2014,IPL,,Delhi Capitals,Narendra Modi Ahmedabad,0,12,0.0,0,0,0,0,261,257,7368,2,49,109,29.7,130.0,Active
2014-12-17,2014,IPL,,Chennai Super Kings,Chepauk Chennai,21,21,100.0,2,0,0,0,261,257,7368,2,49,109,29.7,130.0,Active
2015-01-11,2015,IPL,,Royal Challengers Bengaluru,Chepauk Chennai,3,3,100.0,0,0,0,0,261,257,7368,2,49,109,29.7,130.0,Active
2015-02-06,2015,IPL,,Delhi Capitals,Eden Gardens Kolkata,0,3,0.0,0,0,0,0,261,257,7368,2,49,109,29.7,130.0,Active
2015-03-04,2015,IPL,,Rajasthan Royals,Arun Jaitley Delhi,90,90,100.0,8,1,1,0,261,257,7368,2,49,109,29.7,130.0,Active
2015-03-30,2015,IPL,,Sunrisers Hyderabad,Arun Jaitley Delhi,9,9,100.0,0,0,0,0,261,257,7368,2,49,109,29.7,130.0,Active
2015-04-24,2015,IPL,,Lucknow Super Giants,Arun Jaitley Delhi,4,4,100.0,0,0,0,0,261,257,7368,2,49,109,29.7,130.0,Active
2015-05-20,2015,IPL,,Kolkata Knight Riders,Arun Jaitley Delhi,54,54,100.0,4,0,1,0,261,257,7368,2,49,109,29.7,130.0,Active
2015-06-15,2015,IPL,,Lucknow Super Giants,Wankhede Stadium Mumbai,35,35,100.0,4,0,0,0,261,257,7368,2,49,109,29.7,130.0,Active
2015-07-10,2015,IPL,,Gujarat Titans,Narendra Modi Ahmedabad,13,13,100.0,1,0,0,0,261,257,7368,2,49,109,29.7,130.0,Active
2015-08-05,2015,IPL,,Delhi Capitals,Narendra Modi Ahmedabad,89,89,100.0,11,1,1,0,261,257,7368,2,49,109,29.7,130.0,Active
2015-08-31,2015,IPL,,Kolkata Knight Riders,Arun Jaitley Delhi,2,2,100.0,0,0,0,0,261,257,7368,2,49,109,29.7,130.0,Active
2015-09-25,2015,IPL,,Kolkata Knight Riders,Eden Gardens Kolkata,6,6,100.0,0,0,0,0,261,257,7368,2,49,109,29.7,130.0,Active
2015-10-21,2015,IPL,,Gujarat Titans,Wankhede Stadium Mumbai,8,8,100.0,0,0,0,0,261,257,7368,2,49,109,29.7,130.0,Active
2015-11-16,2015,IPL,,Sunrisers Hyderabad,Arun Jaitley Delhi,65,65,100.0,7,1,1,0,261,257,7368,2,49,109,29.7,130.0,Active
2015-12-11,2015,IPL,,Gujarat Titans,Narendra Modi Ahmedabad,4,4,100.0,0,0,0,0,261,257,7368,2,49,109,29.7,130.0,Active
2016-01-06,2016,IPL,,Rajasthan Royals,Chepauk Chennai,9,9,100.0,0,0,0,0,261,257,7368,2,49,109,29.7,130.0,Active
2016-02-01,2016,IPL,,Lucknow Super Giants,Narendra Modi Ahmedabad,3,3,100.0,0,0,0,0,261,257,7368,2,49,109,29.7,130.0,Active
2016-02-26,2016,IPL,,Lucknow Super Giants,Arun Jaitley Delhi,82,82,100.0,7,1,1,0,261,257,7368,2,49,109,29.7,130.0,Active
2016-03-23,2016,IPL,,Rajasthan Royals,Eden Gardens Kolkata,4,4,100.0,0,0,0,0,261,257,7368,2,49,109,29.7,130.0,Active
2016-04-18,2016,IPL,,Royal Challengers Bengaluru,Arun Jaitley Delhi,10,10,100.0,1,0,0,0,261,257,7368,2,49,109,29.7,130.0,Active
2016-05-13,2016,IPL,,Chennai Super Kings,Eden Gardens Kolkata,1,1,100.0,0,0,0,0,261,257,7368,2,49,109,29.7,130.0,Active
2016-06-08,2016,IPL,,Sunrisers Hyderabad,Eden Gardens Kolkata,106,106,100.0,11,1,0,1,261,257,7368,2,49,109,29.7,130.0,Active
2016-07-04,2016,IPL,,Delhi Capitals,Eden Gardens Kolkata,32,32,100.0,3,0,0,0,261,257,7368,2,49,109,29.7,130.0,Active
2016-07-29,2016,IPL,,Chennai Super Kings,Wankhede Stadium Mumbai,10,10,100.0,1,0,0,0,261,257,7368,2,49,109,29.7,130.0,Active
2016-08-24,2016,IPL,,Kolkata Knight Riders,Wankhede Stadium Mumbai,49,49,100.0,6,0,0,0,261,257,7368,2,49,109,29.7,130.0,Active
2016-09-19,2016,IPL,,Royal Challengers Bengaluru,Chepauk Chennai,7,7,100.0,0,0,0,0,261,257,7368,2,49,109,29.7,130.0,Active
2016-10-14,2016,IPL,,Punjab Kings,Narendra Modi Ahmedabad,6,6,100.0,0,0,0,0,261,257,7368,2,49,109,29.7,130.0,Active
2016-11-09,2016,IPL,,Lucknow Super Giants,Chepauk Chennai,34,34,100.0,3,0,0,0,261,257,7368,2,49,109,29.7,130.0,Active
2016-12-05,2016,IPL,,Sunrisers Hyderabad,Chinnaswamy Bengaluru,43,43,100.0,4,0,0,0,261,257,7368,2,49,109,29.7,130.0,Active
2016-12-31,2016,IPL,,Sunrisers Hyderabad,Chepauk Chennai,2,2,100.0,0,0,0,0,261,257,7368,2,49,109,29.7,130.0,Active
2017-01-25,2017,IPL,,Delhi Capitals,Eden Gardens Kolkata,24,24,100.0,2,0,0,0,261,257,7368,2,49,109,29.7,130.0,Active
2017-02-20,2017,IPL,,Sunrisers Hyderabad,Arun Jaitley Delhi,5,5,100.0,0,0,0,0,261,257,7368,2,49,109,29.7,130.0,Active
2017-03-18,2017,IPL,,Gujarat Titans,Chinnaswamy Bengaluru,4,4,100.0,0,0,0,0,261,257,7368,2,49,109,29.7,130.0,Active
2017-04-12,2017,IPL,,Gujarat Titans,Wankhede Stadium Mumbai,1,1,100.0,0,0,0,0,261,257,7368,2,49,109,29.7,130.0,Active
2017-05-08,2017,IPL,,Delhi Capitals,Narendra Modi Ahmedabad,67,67,100.0,7,1,1,0,261,257,7368,2,49,109,29.7,130.0,Active
2017-06-03,2017,IPL,,Lucknow Super Giants,Arun Jaitley Delhi,10,10,100.0,1,0,0,0,261,257,7368,2,49,109,29.7,130.0,Active
2017-06-28,2017,IPL,,Rajasthan Royals,Eden Gardens Kolkata,19,19,100.0,2,0,0,0,261,257,7368,2,49,109,29.7,130.0,Active
2017-07-24,2017,IPL,,Sunrisers Hyderabad,Chinnaswamy Bengaluru,88,88,100.0,8,1,1,0,261,257,7368,2,49,109,29.7,130.0,Active
2017-08-19,2017,IPL,,Delhi Capitals,Eden Gardens Kolkata,2,2,100.0,0,0,0,0,261,257,7368,2,49,109,29.7,130.0,Active
2017-09-13,2017,IPL,,Chennai Super Kings,Chinnaswamy Bengaluru,13,13,100.0,1,0,0,0,261,257,7368,2,49,109,29.7,130.0,Active
2017-10-09,2017,IPL,,Gujarat Titans,Chinnaswamy Bengaluru,22,22,100.0,2,0,0,0,261,257,7368,2,49,109,29.7,130.0,Active
2017-11-04,2017,IPL,,Delhi Capitals,Narendra Modi Ahmedabad,21,21,100.0,2,0,0,0,261,257,7368,2,49,109,29.7,130.0,Active
2017-11-29,2017,IPL,,Rajasthan Royals,Eden Gardens Kolkata,8,8,100.0,0,0,0,0,261,257,7368,2,49,109,29.7,130.0,Active
2017-12-25,2017,IPL,,Royal Challengers Bengaluru,Eden Gardens Kolkata,4,4,100.0,0,0,0,0,261,257,7368,2,49,109,29.7,130.0,Active
2018-01-20,2018,IPL,,Sunrisers Hyderabad,Chinnaswamy Bengaluru,28,28,100.0,2,0,0,0,261,257,7368,2,49,109,29.7,130.0,Active
2018-02-14,2018,IPL,,Punjab Kings,Arun Jaitley Delhi,63,63,100.0,7,1,1,0,261,257,7368,2,49,109,29.7,130.0,Active
2018-03-12,2018,IPL,,Gujarat Titans,Wankhede Stadium Mumbai,1,1,100.0,0,0,0,0,261,257,7368,2,49,109,29.7,130.0,Active
2018-04-07,2018,IPL,,Lucknow Super Giants,Arun Jaitley Delhi,56,56,100.0,5,0,1,0,261,257,7368,2,49,109,29.7,130.0,Active
2018-05-02,2018,IPL,,Kolkata Knight Riders,Chepauk Chennai,32,32,100.0,3,0,0,0,261,257,7368,2,49,109,29.7,130.0,Active
2018-05-28,2018,IPL,,Gujarat Titans,Chepauk Chennai,54,54,100.0,4,1,1,0,261,257,7368,2,49,109,29.7,130.0,Active
2018-06-23,2018,IPL,,Rajasthan Royals,Eden Gardens Kolkata,49,49,100.0,4,0,0,0,261,257,7368,2,49,109,29.7,130.0,Active
2018-07-18,2018,IPL,,Rajasthan Royals,Eden Gardens Kolkata,40,40,100.0,3,0,0,0,261,257,7368,2,49,109,29.7,130.0,Active
2018-08-13,2018,IPL,,Rajasthan Royals,Wankhede Stadium Mumbai,2,2,100.0,0,0,0,0,261,257,7368,2,49,109,29.7,130.0,Active
2018-09-08,2018,IPL,,Lucknow Super Giants,Wankhede Stadium Mumbai,1,1,100.0,0,0,0,0,261,257,7368,2,49,109,29.7,130.0,Active
2018-10-03,2018,IPL,,Delhi Capitals,Wankhede Stadium Mumbai,7,7,100.0,0,0,0,0,261,257,7368,2,49,109,29.7,130.0,Active
2018-10-29,2018,IPL,,Royal Challengers Bengaluru,Chepauk Chennai,11,11,100.0,1,0,0,0,261,257,7368,2,49,109,29.7,130.0,Active
2018-11-24,2018,IPL,,Rajasthan Royals,Chinnaswamy Bengaluru,5,5,100.0,0,0,0,0,261,257,7368,2,49,109,29.7,130.0,Active
2018-12-20,2018,IPL,,Punjab Kings,Wankhede Stadium Mumbai,0,14,0.0,0,0,0,0,261,257,7368,2,49,109,29.7,130.0,Active
2019-01-14,2019,IPL,,Sunrisers Hyderabad,Wankhede Stadium Mumbai,0,7,0.0,0,0,0,0,261,257,7368,2,49,109,29.7,130.0,Active
2019-02-09,2019,IPL,,Sunrisers Hyderabad,Arun Jaitley Delhi,49,49,100.0,5,0,0,0,261,257,7368,2,49,109,29.7,130.0,Active
2019-03-07,2019,IPL,,Gujarat Titans,Eden Gardens Kolkata,15,15,100.0,1,0,0,0,261,257,7368,2,49,109,29.7,130.0,Active
2019-04-01,2019,IPL,,Royal Challengers Bengaluru,Arun Jaitley Delhi,27,27,100.0,2,0,0,0,261,257,7368,2,49,109,29.7,130.0,Active
2019-04-27,2019,IPL,,Sunrisers Hyderabad,Arun Jaitley Delhi,29,29,100.0,3,0,0,0,261,257,7368,2,49,109,29.7,130.0,Active
2019-05-23,2019,IPL,,Rajasthan Royals,Narendra Modi Ahmedabad,3,3,100.0,0,0,0,0,261,257,7368,2,49,109,29.7,130.0,Active
2019-06-17,2019,IPL,,Lucknow Super Giants,Eden Gardens Kolkata,19,19,100.0,1,0,0,0,261,257,7368,2,49,109,29.7,130.0,Active
2019-07-13,2019,IPL,,Kolkata Knight Riders,Arun Jaitley Delhi,93,93,100.0,11,1,1,0,261,257,7368,2,49,109,29.7,130.0,Active
2019-08-08,2019,IPL,,Rajasthan Royals,Chepauk Chennai,74,74,100.0,7,1,1,0,261,257,7368,2,49,109,29.7,130.0,Active
2019-09-02,2019,IPL,,Sunrisers Hyderabad,Wankhede Stadium Mumbai,6,6,100.0,0,0,0,0,261,257,7368,2,49,109,29.7,130.0,Active
2019-09-28,2019,IPL,,Lucknow Super Giants,Chepauk Chennai,12,12,100.0,1,0,0,0,261,257,7368,2,49,109,29.7,130.0,Active
2019-10-24,2019,IPL,,Chennai Super Kings,Chinnaswamy Bengaluru,10,10,100.0,1,0,0,0,261,257,7368,2,49,109,29.7,130.0,Active
2019-11-18,2019,IPL,,Royal Challengers Bengaluru,Eden Gardens Kolkata,7,7,100.0,0,0,0,0,261,257,7368,2,49,109,29.7,130.0,Active
2019-12-14,2019,IPL,,Lucknow Super Giants,Wankhede Stadium Mumbai,78,78,100.0,7,1,1,0,261,257,7368,2,49,109,29.7,130.0,Active
2020-01-09,2020,IPL,,Chennai Super Kings,Eden Gardens Kolkata,15,15,100.0,1,0,0,0,261,257,7368,2,49,109,29.7,130.0,Active
2020-02-03,2020,IPL,,Chennai Super Kings,Eden Gardens Kolkata,91,91,100.0,8,1,1,0,261,257,7368,2,49,109,29.7,130.0,Active
2020-02-29,2020,IPL,,Royal Challengers Bengaluru,Narendra Modi Ahmedabad,19,19,100.0,1,0,0,0,261,257,7368,2,49,109,29.7,130.0,Active
2020-03-26,2020,IPL,,Delhi Capitals,Wankhede Stadium Mumbai,24,24,100.0,2,0,0,0,261,257,7368,2,49,109,29.7,130.0,Active
2020-04-20,2020,IPL,,Lucknow Super Giants,Chinnaswamy Bengaluru,20,20,100.0,2,0,0,0,261,257,7368,2,49,109,29.7,130.0,Active
2020-05-16,2020,IPL,,Rajasthan Royals,Chepauk Chennai,4,4,100.0,0,0,0,0,261,257,7368,2,49,109,29.7,130.0,Active
2020-06-11,2020,IPL,,Delhi Capitals,Chepauk Chennai,1,1,100.0,0,0,0,0,261,257,7368,2,49,109,29.7,130.0,Active
2020-07-06,2020,IPL,,Kolkata Knight Riders,Chinnaswamy Bengaluru,85,85,100.0,9,1,1,0,261,257,7368,2,49,109,29.7,130.0,Active
2020-08-01,2020,IPL,,Delhi Capitals,Chinnaswamy Bengaluru,21,21,100.0,2,0,0,0,261,257,7368,2,49,109,29.7,130.0,Active
2020-08-27,2020,IPL,,Royal Challengers Bengaluru,Chinnaswamy Bengaluru,59,59,100.0,5,0,1,0,261,257,7368,2,49,109,29.7,130.0,Active
2020-09-22,2020,IPL,,Sunrisers Hyderabad,Chepauk Chennai,9,9,100.0,1,0,0,0,261,257,7368,2,49,109,29.7,130.0,Active
2020-10-17,2020,IPL,,Lucknow Super Giants,Narendra Modi Ahmedabad,67,67,100.0,8,1,1,0,261,257,7368,2,49,109,29.7,130.0,Active
2020-11-12,2020,IPL,,Delhi Capitals,Chinnaswamy Bengaluru,8,8,100.0,0,0,0,0,261,257,7368,2,49,109,29.7,130.0,Active
2020-12-08,2020,IPL,,Chennai Super Kings,Wankhede Stadium Mumbai,31,31,100.0,3,0,0,0,261,257,7368,2,49,109,29.7,130.0,Active
2021-01-02,2021,IPL,,Kolkata Knight Riders,Arun Jaitley Delhi,8,8,100.0,0,0,0,0,261,257,7368,2,49,109,29.7,130.0,Active
2021-01-28,2021,IPL,,Royal Challengers Bengaluru,Eden Gardens Kolkata,37,37,100.0,4,0,0,0,261,257,7368,2,49,109,29.7,130.0,Active
2021-02-23,2021,IPL,,Delhi Capitals,Eden Gardens Kolkata,3,3,100.0,0,0,0,0,261,257,7368,2,49,109,29.7,130.0,Active
2021-03-20,2021,IPL,,Lucknow Super Giants,Wankhede Stadium Mumbai,14,14,100.0,1,0,0,0,261,257,7368,2,49,109,29.7,130.0,Active
2021-04-15,2021,IPL,,Lucknow Super Giants,Wankhede Stadium Mumbai,96,96,100.0,11,2,1,0,261,257,7368,2,49,109,29.7,130.0,Active
2021-05-11,2021,IPL,,Delhi Capitals,Chepauk Chennai,49,49,100.0,6,0,0,0,261,257,7368,2,49,109,29.7,130.0,Active
2021-06-05,2021,IPL,,Delhi Capitals,Chinnaswamy Bengaluru,0,13,0.0,0,0,0,0,261,257,7368,2,49,109,29.7,130.0,Active
2021-07-01,2021,IPL,,Sunrisers Hyderabad,Chinnaswamy Bengaluru,85,85,100.0,8,0,1,0,261,257,7368,2,49,109,29.7,130.0,Active
2021-07-27,2021,IPL,,Rajasthan Royals,Narendra Modi Ahmedabad,3,3,100.0,0,0,0,0,261,257,7368,2,49,109,29.7,130.0,Active
2021-08-21,2021,IPL,,Chennai Super Kings,Narendra Modi Ahmedabad,49,49,100.0,6,1,0,0,261,257,7368,2,49,109,29.7,130.0,Active
2021-09-16,2021,IPL,,Sunrisers Hyderabad,Arun Jaitley Delhi,8,8,100.0,0,0,0,0,261,257,7368,2,49,109,29.7,130.0,Active
2021-10-12,2021,IPL,,Royal Challengers Bengaluru,Chepauk Chennai,1,1,100.0,0,0,0,0,261,257,7368,2,49,109,29.7,130.0,Active
2021-11-06,2021,IPL,,Lucknow Super Giants,Arun Jaitley Delhi,71,71,100.0,8,1,1,0,261,257,7368,2,49,109,29.7,130.0,Active
2021-12-02,2021,IPL,,Rajasthan Royals,Chepauk Chennai,20,20,100.0,1,0,0,0,261,257,7368,2,49,109,29.7,130.0,Active
2021-12-28,2021,IPL,,Punjab Kings,Narendra Modi Ahmedabad,1,1,100.0,0,0,0,0,261,257,7368,2,49,109,29.7,130.0,Active
2022-01-22,2022,IPL,,Chennai Super Kings,Eden Gardens Kolkata,92,92,100.0,8,1,1,0,261,257,7368,2,49,109,29.7,130.0,Active
2022-02-17,2022,IPL,,Punjab Kings,Eden Gardens Kolkata,0,10,0.0,0,0,0,0,261,257,7368,2,49,109,29.7,130.0,Active
2022-03-15,2022,IPL,,Sunrisers Hyderabad,Chinnaswamy Bengaluru,11,11,100.0,1,0,0,0,261,257,7368,2,49,109,29.7,130.0,Active
2022-04-09,2022,IPL,,Punjab Kings,Chepauk Chennai,25,25,100.0,2,0,0,0,261,257,7368,2,49,109,29.7,130.0,Active
2022-05-05,2022,IPL,,Chennai Super Kings,Narendra Modi Ahmedabad,1,1,100.0,0,0,0,0,261,257,7368,2,49,109,29.7,130.0,Active
2022-05-31,2022,IPL,,Kolkata Knight Riders,Chepauk Chennai,15,15,100.0,1,0,0,0,261,257,7368,2,49,109,29.7,130.0,Active
2022-06-26,2022,IPL,,Kolkata Knight Riders,Wankhede Stadium Mumbai,49,49,100.0,4,0,0,0,261,257,7368,2,49,109,29.7,130.0,Active
2022-07-21,2022,IPL,,Lucknow Super Giants,Eden Gardens Kolkata,15,15,100.0,1,0,0,0,261,257,7368,2,49,109,29.7,130.0,Active
2022-08-16,2022,IPL,,Lucknow Super Giants,Wankhede Stadium Mumbai,60,60,100.0,7,0,1,0,261,257,7368,2,49,109,29.7,130.0,Active
2022-09-11,2022,IPL,,Rajasthan Royals,Chinnaswamy Bengaluru,25,25,100.0,3,0,0,0,261,257,7368,2,49,109,29.7,130.0,Active
2022-10-06,2022,IPL,,Rajasthan Royals,Chepauk Chennai,65,65,100.0,8,1,1,0,261,257,7368,2,49,109,29.7,130.0,Active
2022-11-01,2022,IPL,,Kolkata Knight Riders,Eden Gardens Kolkata,65,65,100.0,8,1,1,0,261,257,7368,2,49,109,29.7,130.0,Active
2022-11-27,2022,IPL,,Rajasthan Royals,Chepauk Chennai,49,49,100.0,4,1,0,0,261,257,7368,2,49,109,29.7,130.0,Active
2022-12-22,2022,IPL,,Punjab Kings,Wankhede Stadium Mumbai,0,3,0.0,0,0,0,0,261,257,7368,2,49,109,29.7,130.0,Active
2023-01-17,2023,IPL,,Kolkata Knight Riders,Narendra Modi Ahmedabad,65,65,100.0,5,0,1,0,261,257,7368,2,49,109,29.7,130.0,Active
2023-02-12,2023,IPL,,Lucknow Super Giants,Eden Gardens Kolkata,19,19,100.0,2,0,0,0,261,257,7368,2,49,109,29.7,130.0,Active
2023-03-09,2023,IPL,,Punjab Kings,Chinnaswamy Bengaluru,41,41,100.0,3,0,0,0,261,257,7368,2,49,109,29.7,130.0,Active
2023-04-04,2023,IPL,,Kolkata Knight Riders,Chinnaswamy Bengaluru,40,40,100.0,5,0,0,0,261,257,7368,2,49,109,29.7,130.0,Active
2023-04-30,2023,IPL,,Kolkata Knight Riders,Chepauk Chennai,10,10,100.0,1,0,0,0,261,257,7368,2,49,109,29.7,130.0,Active
2023-05-25,2023,IPL,,Punjab Kings,Arun Jaitley Delhi,2,2,100.0,0,0,0,0,261,257,7368,2,49,109,29.7,130.0,Active
2023-06-20,2023,IPL,,Gujarat Titans,Wankhede Stadium Mumbai,16,16,100.0,1,0,0,0,261,257,7368,2,49,109,29.7,130.0,Active
2023-07-16,2023,IPL,,Royal Challengers Bengaluru,Narendra Modi Ahmedabad,12,12,100.0,1,0,0,0,261,257,7368,2,49,109,29.7,130.0,Active
2023-08-10,2023,IPL,,Chennai Super Kings,Arun Jaitley Delhi,6,6,100.0,0,0,0,0,261,257,7368,2,49,109,29.7,130.0,Active
2023-09-05,2023,IPL,,Gujarat Titans,Eden Gardens Kolkata,95,95,100.0,11,1,1,0,261,257,7368,2,49,109,29.7,130.0,Active
2023-10-01,2023,IPL,,Delhi Capitals,Narendra Modi Ahmedabad,23,23,100.0,2,0,0,0,261,257,7368,2,49,109,29.7,130.0,Active
2023-10-26,2023,IPL,,Lucknow Super Giants,Eden Gardens Kolkata,81,81,100.0,7,1,1,0,261,257,7368,2,49,109,29.7,130.0,Active
2023-11-21,2023,IPL,,Gujarat Titans,Eden Gardens Kolkata,49,49,100.0,6,0,0,0,261,257,7368,2,49,109,29.7,130.0,Active
2023-12-17,2023,IPL,,Gujarat Titans,Narendra Modi Ahmedabad,38,38,100.0,5,0,0,0,261,257,7368,2,49,109,29.7,130.0,Active
2024-01-11,2024,IPL,,Rajasthan Royals,Eden Gardens Kolkata,2,2,100.0,0,0,0,0,261,257,7368,2,49,109,29.7,130.0,Active
2024-02-06,2024,IPL,,Rajasthan Royals,Arun Jaitley Delhi,6,6,100.0,0,0,0,0,261,257,7368,2,49,109,29.7,130.0,Active
2024-03-03,2024,IPL,,Lucknow Super Giants,Wankhede Stadium Mumbai,16,16,100.0,1,0,0,0,261,257,7368,2,49,109,29.7,130.0,Active
2024-03-29,2024,IPL,,Lucknow Super Giants,Chepauk Chennai,81,81,100.0,10,0,1,0,261,257,7368,2,49,109,29.7,130.0,Active
2024-04-23,2024,IPL,,Kolkata Knight Riders,Chepauk Chennai,40,40,100.0,4,0,0,0,261,257,7368,2,49,109,29.7,130.0,Active
2024-05-19,2024,IPL,,Sunrisers Hyderabad,Eden Gardens Kolkata,8,8,100.0,0,0,0,0,261,257,7368,2,49,109,29.7,130.0,Active
2024-06-14,2024,IPL,,Punjab Kings,Arun Jaitley Delhi,0,12,0.0,0,0,0,0,261,257,7368,2,49,109,29.7,130.0,Active
2024-07-09,2024,IPL,,Rajasthan Royals,Chepauk Chennai,103,103,100.0,12,1,0,1,261,257,7368,2,49,109,29.7,130.0,Active
2024-08-04,2024,IPL,,Gujarat Titans,Narendra Modi Ahmedabad,49,49,100.0,4,0,0,0,261,257,7368,2,49,109,29.7,130.0,Active
2024-08-30,2024,IPL,,Chennai Super Kings,Wankhede Stadium Mumbai,13,13,100.0,1,0,0,0,261,257,7368,2,49,109,29.7,130.0,Active
2024-09-24,2024,IPL,,Rajasthan Royals,Wankhede Stadium Mumbai,6,6,100.0,0,0,0,0,261,257,7368,2,49,109,29.7,130.0,Active
2024-10-20,2024,IPL,,Sunrisers Hyderabad,Eden Gardens Kolkata,27,27,100.0,3,0,0,0,261,257,7368,2,49,109,29.7,130.0,Active
2024-11-15,2024,IPL,,Punjab Kings,Narendra Modi Ahmedabad,6,6,100.0,0,0,0,0,261,257,7368,2,49,109,29.7,130.0,Active
2024-12-10,2024,IPL,,Royal Challengers Bengaluru,Wankhede Stadium Mumbai,2,2,100.0,0,0,0,0,261,257,7368,2,49,109,29.7,130.0,Active
2025-01-05,2025,IPL,,Punjab Kings,Chinnaswamy Bengaluru,13,13,100.0,1,0,0,0,261,257,7368,2,49,109,29.7,130.0,Active
2025-01-31,2025,IPL,,Kolkata Knight Riders,Wankhede Stadium Mumbai,14,14,100.0,1,0,0,0,261,257,7368,2,49,109,29.7,130.0,Active
2025-02-25,2025,IPL,,Kolkata Knight Riders,Eden Gardens Kolkata,3,3,100.0,0,0,0,0,261,257,7368,2,49,109,29.7,130.0,Active
2025-03-23,2025,IPL,,Delhi Capitals,Chepauk Chennai,47,47,100.0,4,0,0,0,261,257,7368,2,49,109,29.7,130.0,Active
2025-04-18,2025,IPL,,Chennai Super Kings,Arun Jaitley Delhi,33,33,100.0,3,0,0,0,261,257,7368,2,49,109,29.7,130.0,Active
2025-05-13,2025,IPL,,Royal Challengers Bengaluru,Arun Jaitley Delhi,13,13,100.0,1,0,0,0,261,257,7368,2,49,109,29.7,130.0,Active
2025-06-08,2025,IPL,,Rajasthan Royals,Narendra Modi Ahmedabad,23,23,100.0,2,0,0,0,261,257,7368,2,49,109,29.7,130.0,Active
2025-07-04,2025,IPL,,Royal Challengers Bengaluru,Chepauk Chennai,73,73,100.0,8,0,1,0,261,257,7368,2,49,109,29.7,130.0,Active
2025-07-29,2025,IPL,,Gujarat Titans,Chepauk Chennai,33,33,100.0,4,0,0,0,261,257,7368,2,49,109,29.7,130.0,Active
2025-08-24,2025,IPL,,Gujarat Titans,Chinnaswamy Bengaluru,58,58,100.0,6,1,1,0,261,257,7368,2,49,109,29.7,130.0,Active
2025-09-19,2025,IPL,,Gujarat Titans,Wankhede Stadium Mumbai,1,1,100.0,0,0,0,0,261,257,7368,2,49,109,29.7,130.0,Active
2025-10-14,2025,IPL,,Delhi Capitals,Narendra Modi Ahmedabad,10,10,100.0,1,0,0,0,261,257,7368,2,49,109,29.7,130.0,Active
2025-11-09,2025,IPL,,Gujarat Titans,Arun Jaitley Delhi,85,85,100.0,11,1,1,0,261,257,7368,2,49,109,29.7,130.0,Active
2025-12-05,2025,IPL,,Sunrisers Hyderabad,Wankhede Stadium Mumbai,27,27,100.0,3,0,0,0,261,257,7368,2,49,109,29.7,130.0,Active
2025-12-31,2025,IPL,,Royal Challengers Bengaluru,Wankhede Stadium Mumbai,73,73,100.0,6,0,1,0,261,257,7368,2,49,109,29.7,130.0,Active
